phrase l2,surprisal_phrase l2,sentence l2,surprisal_sentence l2,phrase ru,surprisal_phrase ru,sentence ru,surprisal_sentence ru,literal translation,surprisal_literal translation,phrase ru with literal,surprisal_phrase ru with literal
ne jednou,"{'ne': 0.0, 'jednou': 18.94469165802002}",konec konců tam skutečně byl a ne jednou.,"{'konec': 10.283384323120117, 'koncu': 17.22986888885498, 'tam': 8.896586418151855, 'skutecne': 26.79048728942871, 'byl': 8.957657814025879, 'a': 4.749059677124023, 'ne': 7.257131576538086, 'jednou.': 17.76309585571289}",не раз,"{'не': 0.0, 'раз': 7.542349338531494}",но сам он бывал там на самом деле и не раз.,"{'но': 0.0, 'сам': 7.899681091308594, 'он': 5.842896461486816, 'бывал': 8.50368881225586, 'там': 4.188653945922852, 'на': 4.644594192504883, 'самом': 6.8656768798828125, 'деле': 0.10974693298339844, 'и': 3.006174087524414, 'не': 2.826526641845703, 'раз.': 1.5446586608886719}",не одну,"{'не': 0.0, 'одну': 10.39758014678955}",но сам он бывал там на самом деле и не одну.,"{'но': 0.0, 'сам': 7.899681091308594, 'он': 5.842896461486816, 'бывал': 8.50368881225586, 'там': 4.188653945922852, 'на': 4.644594192504883, 'самом': 6.8656768798828125, 'деле': 0.10974693298339844, 'и': 3.006174087524414, 'не': 2.826526641845703, 'одну.': 11.069130897521973}"
úplně jedno,"{'uplne': 16.545000076293945, 'jedno': 15.344099044799805}",který konkrétně? to je přece úplně jedno.,"{'ktery': 12.363417148590088, 'konkretne?': 28.74769115447998, 'to': 8.808792114257812, 'je': 6.864693641662598, 'prece': 14.170419692993164, 'uplne': 19.732447624206543, 'jedno.': 15.78245735168457}",все равно,"{'все': 0.0, 'равно': 5.924633502960205}",кто именно? да все равно.,"{'кто': 0.0, 'именно?': 9.697212219238281, 'да': 8.054035186767578, 'все': 4.28526496887207, 'равно.': 5.708205223083496}",вполне одно,"{'вполне': 8.588383674621582, 'одно': 9.777511596679688}",кто именно? да вполне одно.,"{'кто': 0.0, 'именно?': 9.697212219238281, 'да': 8.054035186767578, 'вполне': 8.222147941589355, 'одно.': 14.766948699951172}"
před okamžikem,"{'pred': 7.331748962402344, 'okamzikem': 42.110230445861816}","tam, kde jsem před okamžikem stál, zasvištělo ostří ostroplochého meče.","{'tam,': 11.95243787765503, 'kde': 14.471278190612793, 'jsem': 14.591339111328125, 'pred': 9.602876663208008, 'okamzikem': 32.50704574584961, 'stal,': 13.522449493408203, 'zasvistelo': 26.54998779296875, 'ostri': 15.395383834838867, 'ostroplocheho': 32.889479637145996, 'mece.': 14.296299934387207}",только что,"{'только': 0.0, 'что': 4.072602272033691}","там, где я только что стоял, сверкнуло лезвие плоскостного меча.","{'там,': 2.212270736694336, 'где': 3.2884559631347656, 'я': 4.223272323608398, 'только': 5.340184211730957, 'что': 0.4711637496948242, 'стоял,': 5.453737258911133, 'сверкнуло': 11.331650733947754, 'лезвие': 2.8599853515625, 'плоскостного': 15.312169075012207, 'меча.': 1.2241077423095703}",перед мгновением,"{'перед': 0.0, 'мгновением': 14.256237030029297}","там, где я перед мгновением стоял, сверкнуло лезвие плоскостного меча.","{'там,': 2.212270736694336, 'где': 3.2884559631347656, 'я': 4.223272323608398, 'перед': 9.365463256835938, 'мгновением': 13.932650566101074, 'стоял,': 7.807099342346191, 'сверкнуло': 11.740961074829102, 'лезвие': 2.4234209060668945, 'плоскостного': 14.922933578491211, 'меча.': 1.280843734741211}"
v tom okamžiku,"{'v': 0.0, 'tom': 13.554602146148682, 'okamziku': 35.78098011016846}","v tom okamžiku jsem pocítil, jak praská naše podlaha.","{'v': 0.0, 'tom': 13.554602146148682, 'okamziku': 35.78097629547119, 'jsem': 13.694990158081055, 'pocitil,': 25.427815437316895, 'jak': 5.632824897766113, 'praska': 16.40625762939453, 'nase': 12.144384384155273, 'podlaha.': 19.7935791015625}",тут же,"{'тут': 0.0, 'же': 4.650850772857666}","тут же я почувствовал, как трещит наш пол, лопаются стекла, и я, не выпуская вагнера, лечу с ним в бездну…","{'тут': 0.0, 'же': 4.650851249694824, 'я': 5.072970390319824, 'почувствовал,': 6.698046684265137, 'как': 1.02288818359375, 'трещит': 8.96066665649414, 'наш': 5.927278518676758, 'пол,': 7.716813087463379, 'лопаются': 9.91650104522705, 'стекла,': 4.800692558288574, 'и': 1.9834136962890625, 'я,': 6.02556037902832, 'не': 2.5860424041748047, 'выпуская': 4.637397766113281, 'вагнера,': 17.975351333618164, 'лечу': 7.267450332641602, 'с': 3.8202171325683594, 'ним': 1.5792131423950195, 'в': 1.3114643096923828, 'бездну…': 7.675497055053711}",в том мгновении,"{'в': 0.0, 'том': 6.044155597686768, 'мгновении': 15.801877975463867}","в том мгновении я почувствовал, как трещит наш пол, лопаются стекла, и я, не выпуская вагнера, лечу с ним в бездну…","{'в': 1.2936859130859375, 'том': 6.044155597686768, 'мгновении': 15.80187702178955, 'я': 6.243053436279297, 'почувствовал,': 4.858373641967773, 'как': 1.1158943176269531, 'трещит': 9.413631916046143, 'наш': 5.771231651306152, 'пол,': 8.318615913391113, 'лопаются': 9.808930397033691, 'стекла,': 4.36297607421875, 'и': 1.9866466522216797, 'я,': 5.23039436340332, 'не': 2.6358280181884766, 'выпуская': 4.5600080490112305, 'вагнера,': 18.158635139465332, 'лечу': 5.81754207611084, 'с': 3.6989736557006836, 'ним': 1.7685108184814453, 'бездну…': 6.986498832702637}"
až dosud,"{'az': 0.0, 'dosud': 24.086687088012695}","až dosud jsme se mohli shodnout na tom, že lepší než špatná politika je žádná politika a nulové vztahy.","{'az': 0.0, 'dosud': 24.086688995361328, 'jsme': 20.24853801727295, 'se': 6.922231674194336, 'mohli': 17.131415367126465, 'shodnout': 24.19731044769287, 'na': 5.310774803161621, 'tom,': 11.247349739074707, 'ze': 6.146753311157227, 'lepsi': 13.89221477508545, 'nez': 8.824626922607422, 'spatna': 18.010623931884766, 'politika': 4.9859466552734375, 'je': 5.162810325622559, 'zadna': 12.293136596679688, 'a': 3.6679162979125977, 'nulove': 17.508623123168945, 'vztahy.': 26.93417263031006}",до сих пор,"{'до': 0.0, 'сих': 6.575293064117432, 'пор': 0.015102386474609375}","до сих пор мы считали, что лучше плохой политики ее полное отсутствие и нулевые отношения.","{'до': 0.0, 'сих': 6.575292587280273, 'пор': 0.015102386474609375, 'мы': 5.741718292236328, 'считали,': 6.124383926391602, 'что': 0.031490325927734375, 'лучше': 7.211452960968018, 'плохой': 9.051393508911133, 'политики': 8.046639442443848, 'ее': 8.97927188873291, 'полное': 8.995368957519531, 'отсутствие': 0.04435157775878906, 'и': 4.192676544189453, 'нулевые': 11.060324668884277, 'отношения.': 8.043469429016113}",аж досюда,"{'аж': 6.510209083557129, 'досюда': 11.116053581237793}","аж досюда мы считали, что лучше плохой политики ее полное отсутствие и нулевые отношения.","{'аж': 6.5102081298828125, 'досюда': 11.116057395935059, 'мы': 7.430742263793945, 'считали,': 10.143909454345703, 'что': 0.2634544372558594, 'лучше': 6.587034702301025, 'плохой': 10.068347930908203, 'политики': 8.663394927978516, 'ее': 9.210348129272461, 'полное': 9.62543773651123, 'отсутствие': 0.04286384582519531, 'и': 3.921875, 'нулевые': 10.186871528625488, 'отношения.': 7.5884294509887695}"
v odpověď,"{'v': 0.0, 'odpoved': 23.123987197875977}",byla by uslyšela v odpověď jen další strofu písně.,"{'byla': 8.6309814453125, 'by': 5.637699127197266, 'uslysela': 34.18610095977783, 'v': 6.755519866943359, 'odpoved': 19.16386127471924, 'jen': 13.602782249450684, 'dalsi': 17.04350471496582, 'strofu': 18.88321590423584, 'pisne.': 16.682503700256348}",в ответ,"{'в': 0.0, 'ответ': 8.192546844482422}",в ответ она услышала бы лишь следующий куплет песни.,"{'в': 0.0, 'ответ': 8.192546844482422, 'она': 5.72718620300293, 'услышала': 4.937638282775879, 'бы': 7.209959030151367, 'лишь': 2.835057258605957, 'следующий': 10.464612007141113, 'куплет': 8.552812576293945, 'песни.': 5.826143264770508}",в отповедь,"{'в': 0.0, 'отповедь': 15.153423309326172}",в отповедь она услышала бы лишь следующий куплет песни.,"{'в': 0.0, 'отповедь': 15.153426170349121, 'она': 7.841562271118164, 'услышала': 5.88355827331543, 'бы': 7.109328269958496, 'лишь': 4.203845977783203, 'следующий': 8.871529579162598, 'куплет': 7.565046310424805, 'песни.': 6.1690263748168945}"
na stranu,"{'na': 0.0, 'stranu': 17.340901374816895}",lans ukázal na stranu.,"{'lans': 6.780579566955566, 'ukazal': 23.133092880249023, 'na': 6.996808052062988, 'stranu.': 11.58413314819336}",в сторону,"{'в': 0.0, 'сторону': 7.8770246505737305}",ланс неопределенно показал куда-то в сторону.,"{'ланс': 5.6037983894348145, 'неопределенно': 13.074065208435059, 'показал': 5.971824645996094, 'куда-то': 4.514764785766602, 'в': 1.3986692428588867, 'сторону.': 1.4738502502441406}",на страну,"{'на': 0.0, 'страну': 11.46713924407959}",ланс неопределенно показал куда-то на страну.,"{'ланс': 5.6037983894348145, 'неопределенно': 13.074065208435059, 'показал': 5.971824645996094, 'куда-то': 4.514764785766602, 'на': 4.243419647216797, 'страну.': 10.77030086517334}"
na sebe,"{'na': 0.0, 'sebe': 14.476141929626465}",velké západní nadnárodní firmy a korporace na sebe vzaly politickou roli.,"{'velke': 6.456865310668945, 'zapadni': 18.068496227264404, 'nadnarodni': 23.00541877746582, 'firmy': 13.74189567565918, 'a': 5.830010414123535, 'korporace': 20.00979232788086, 'na': 3.8855857849121094, 'sebe': 7.886953353881836, 'vzaly': 20.597028732299805, 'politickou': 18.86664867401123, 'roli.': 14.80103588104248}",на себя,"{'на': 0.0, 'себя': 8.103596687316895}",крупные западные транснациональные компании и корпорации взяли на себя политическую роль.,"{'крупные': 10.804389953613281, 'западные': 7.781276702880859, 'транснациональные': 6.987422943115234, 'компании': 1.3375415802001953, 'и': 2.9775495529174805, 'корпорации': 3.5266427993774414, 'взяли': 8.278627395629883, 'на': 0.9563741683959961, 'себя': 0.3260021209716797, 'политическую': 6.583272933959961, 'роль.': 4.754066467285156}",на себе,"{'на': 0.0, 'себе': 8.011209487915039}",крупные западные транснациональные компании и корпорации взяли на себе политическую роль.,"{'крупные': 10.804389953613281, 'западные': 7.781276702880859, 'транснациональные': 6.987422943115234, 'компании': 1.3375415802001953, 'и': 2.9775495529174805, 'корпорации': 3.5266427993774414, 'взяли': 8.278627395629883, 'на': 0.9563741683959961, 'себе': 8.002874374389648, 'политическую': 6.822831153869629, 'роль.': 5.183261871337891}"
v jádru,"{'v': 0.0, 'jadru': 24.343870162963867}",v jádru byl stejný jako ona.,"{'v': 0.0, 'jadru': 24.343868255615234, 'byl': 11.632227897644043, 'stejny': 16.812347412109375, 'jako': 10.827706336975098, 'ona.': 15.012404441833496}",по существу,"{'по': 0.0, 'существу': 7.9259796142578125}","по существу, он такой же, как и она.","{'по': 0.0, 'существу,': 9.619757652282715, 'он': 4.212639808654785, 'такой': 6.910356521606445, 'же,': 1.5828876495361328, 'как': 0.10119247436523438, 'и': 0.8024044036865234, 'она.': 6.416408538818359}",в ядре,"{'в': 0.0, 'ядре': 11.576799392700195}","в ядре, он такой же, как и она.","{'в': 0.0, 'ядре,': 13.94384479522705, 'он': 5.604487419128418, 'такой': 7.822300434112549, 'же,': 2.109734535217285, 'как': 0.11849212646484375, 'и': 0.7593660354614258, 'она.': 7.572473526000977}"
celý život,"{'cely': 7.145874977111816, 'zivot': 17.57625102996826}","v barguzinském národním parku jsme se zase seznámili s paní irinou ivanovnou, která ochraně přírody zasvětila prakticky celý život.","{'v': 0.0, 'barguzinskem': 43.512935638427734, 'narodnim': 16.060677528381348, 'parku': 12.928468704223633, 'jsme': 17.070944786071777, 'se': 7.920779228210449, 'zase': 12.955291748046875, 'seznamili': 22.999319076538086, 's': 3.2993030548095703, 'pani': 12.17702865600586, 'irinou': 18.65705394744873, 'ivanovnou,': 27.701468467712402, 'ktera': 8.687150955200195, 'ochrane': 16.317461013793945, 'prirody': 14.193044662475586, 'zasvetila': 22.050622940063477, 'prakticky': 18.453094482421875, 'cely': 12.717885971069336, 'zivot.': 19.158588409423828}",всю жизнь,"{'всю': 8.430729866027832, 'жизнь': 1.4657611846923828}","в баргузинском заповеднике мы познакомились с ириной ивановой, которая посвятила охране природы практически всю жизнь.","{'в': 0.0, 'баргузинском': 17.683813095092773, 'заповеднике': 3.14224910736084, 'мы': 6.895339012145996, 'познакомились': 4.732840538024902, 'с': 0.11061477661132812, 'ириной': 15.590795516967773, 'ивановой,': 13.6366605758667, 'которая': 1.9146547317504883, 'посвятила': 6.72498893737793, 'охране': 8.925360679626465, 'природы': 1.4226694107055664, 'практически': 7.946836471557617, 'всю': 0.5370121002197266, 'жизнь.': 2.571992874145508}",целый живот,"{'целый': 4.367456436157227, 'живот': 6.505849838256836}","в баргузинском заповеднике мы познакомились с ириной ивановой, которая посвятила охране природы практически целый живот.","{'в': 0.0, 'баргузинском': 17.683813095092773, 'заповеднике': 3.14224910736084, 'мы': 6.895339012145996, 'познакомились': 4.732840538024902, 'с': 0.11061477661132812, 'ириной': 15.590795516967773, 'ивановой,': 13.6366605758667, 'которая': 1.9146547317504883, 'посвятила': 6.72498893737793, 'охране': 8.925360679626465, 'природы': 1.4226694107055664, 'практически': 7.946836471557617, 'целый': 4.42515754699707, 'живот.': 14.981204986572266}"
v důsledku,"{'v': 0.0, 'dusledku': 39.310410499572754}",artemidin chrám v efesu byl zničen 21. července 356 př.n.l. v důsledku žhářství spáchaného herostratem.,"{'artemidin': 17.88485050201416, 'chram': 16.55618715286255, 'v': 4.505026817321777, 'efesu': 22.9093017578125, 'byl': 12.805088996887207, 'znicen': 21.965068817138672, '21.': 11.520696640014648, 'cervence': 22.769618034362793, '356': 13.927946090698242, 'pr.n.l.': 25.994181632995605, 'dusledku': 29.049368858337402, 'zharstvi': 24.708602905273438, 'spachaneho': 28.13296413421631, 'herostratem.': 32.42661476135254}",в результате,"{'в': 0.0, 'результате': 7.627569198608398}","храм артемиды в эфесе был разрушен 21 июля 356 года до н. э. в результате акта поджога, совершенного геростратом.","{'храм': 4.427314758300781, 'артемиды': 18.181859970092773, 'в': 3.093949317932129, 'эфесе': 9.156591892242432, 'был': 4.694700241088867, 'разрушен': 6.334103584289551, '21': 9.658191680908203, 'июля': 2.4852352142333984, '356': 7.066232681274414, 'года': 0.5187511444091797, 'до': 0.4034271240234375, 'н.': 0.05971336364746094, 'э.': 0.5123462677001953, 'результате': 0.8744678497314453, 'акта': 8.365392684936523, 'поджога,': 7.696958541870117, 'совершенного': 2.288888931274414, 'геростратом.': 17.953011512756348}",в последствии,"{'в': 0.0, 'последствии': 11.532119750976562}","храм артемиды в эфесе был разрушен 21 июля 356 года до н. э. в последствии акта поджога, совершенного геростратом.","{'храм': 4.427314758300781, 'артемиды': 18.181859970092773, 'в': 3.093949317932129, 'эфесе': 9.156591892242432, 'был': 4.694700241088867, 'разрушен': 6.334103584289551, '21': 9.658191680908203, 'июля': 2.4852352142333984, '356': 7.066232681274414, 'года': 0.5187511444091797, 'до': 0.4034271240234375, 'н.': 0.05971336364746094, 'э.': 0.5123462677001953, 'последствии': 8.934351921081543, 'акта': 10.537361145019531, 'поджога,': 8.841798782348633, 'совершенного': 5.89198112487793, 'геростратом.': 17.107696533203125}"
na světě,"{'na': 0.0, 'svete': 17.87546443939209}","neexistuje na světě hrdina, jenž by nebyl někomu ukraden, a není země, která by původně nebyla někoho jiného.","{'neexistuje': 26.440398693084717, 'na': 4.420737266540527, 'svete': 9.14712142944336, 'hrdina,': 20.091161727905273, 'jenz': 14.508856773376465, 'by': 2.279003143310547, 'nebyl': 15.135887145996094, 'nekomu': 14.846652030944824, 'ukraden,': 18.71311378479004, 'a': 2.4792098999023438, 'neni': 11.485147476196289, 'zeme,': 14.13224983215332, 'ktera': 9.694320678710938, 'puvodne': 24.009855270385742, 'nebyla': 11.488818168640137, 'nekoho': 17.24089241027832, 'jineho.': 19.211501121520996}",на свете,"{'на': 0.0, 'свете': 10.170262336730957}","нет на свете героя, которого бы кто-нибудь у кого-нибудь да не украл, и нет страны, которая прежде не принадлежала бы кому-то другому.","{'нет': 4.971362113952637, 'на': 3.9947853088378906, 'свете': 6.762357711791992, 'героя,': 11.700519561767578, 'которого': 3.8367691040039062, 'бы': 0.2137279510498047, 'кто-нибудь': 6.508747100830078, 'у': 7.464206695556641, 'кого-нибудь': 4.769176483154297, 'да': 6.436725616455078, 'не': 2.25445556640625, 'украл,': 3.3649940490722656, 'и': 2.435422897338867, 'страны,': 7.735647201538086, 'которая': 2.0833559036254883, 'прежде': 9.27739143371582, 'принадлежала': 5.62065315246582, 'кому-то': 5.868731498718262, 'другому.': 2.1517982482910156}",на свет,"{'на': 0.0, 'свет': 8.54091739654541}","нет на свет героя, которого бы кто-нибудь у кого-нибудь да не украл, и нет страны, которая прежде не принадлежала бы кому-то другому.","{'нет': 5.99201774597168, 'на': 3.9947853088378906, 'свет': 6.340758323669434, 'героя,': 13.020792007446289, 'которого': 4.495902061462402, 'бы': 0.3934154510498047, 'кто-нибудь': 7.261168479919434, 'у': 6.885499954223633, 'кого-нибудь': 4.682905197143555, 'да': 6.5770721435546875, 'не': 2.02553653717041, 'украл,': 3.4537353515625, 'и': 2.253091812133789, 'страны,': 8.958768844604492, 'которая': 1.8923215866088867, 'прежде': 9.333276748657227, 'принадлежала': 5.806236267089844, 'кому-то': 5.841740608215332, 'другому.': 2.4038772583007812}"
snad jen,"{'snad': 14.954880714416504, 'jen': 15.290410995483398}",kdo tohle ví? řekl nakladatel. snad jen vítr.,"{'kdo': 9.579044342041016, 'tohle': 20.790291786193848, 'vi?': 14.50780963897705, 'rekl': 14.14732551574707, 'nakladatel.': 29.07175922393799, 'snad': 14.602887153625488, 'jen': 11.706863403320312, 'vitr.': 19.135950088500977}",разве что,"{'разве': 5.351574897766113, 'что': 2.0829334259033203}",кто знает? разве что ветер…,"{'кто': 0.0, 'знает?': 7.521928787231445, 'разве': 8.66281509399414, 'что': 4.27846622467041, 'ветер…': 13.405869483947754}",может просто,"{'может': 0.0, 'просто': 7.003056049346924}",кто знает? может просто ветер…,"{'кто': 0.0, 'знает?': 7.521928787231445, 'может': 3.966104507446289, 'просто': 6.326859474182129, 'ветер…': 15.021368026733398}"
z toho,"{'z': 0.0, 'toho': 19.39071750640869}","chlapec ukryl více než 600 poštovních dokumentů, z toho 429 novoročních přání,","{'chlapec': 19.68345832824707, 'ukryl': 21.992484092712402, 'vice': 14.535356521606445, 'nez': 9.859908103942871, '600': 13.524296760559082, 'postovnich': 23.642446517944336, 'dokumentu,': 16.98507785797119, 'z': 3.0283594131469727, 'toho': 13.276619911193848, '429': 13.177967071533203, 'novorocnich': 27.85604763031006, 'prani,': 17.69672203063965}",в том числе,"{'в': 0.0, 'том': 6.044155597686768, 'числе': 0.1317615509033203}","этот мальчик спрятал более 600 почтовых документов, в том числе 429 новогодние открытки, которые не были доставлены получателям, для которых они предназначались.","{'этот': 7.696650505065918, 'мальчик': 6.406732559204102, 'спрятал': 10.023303031921387, 'более': 10.38412094116211, '600': 3.9267282485961914, 'почтовых': 9.134825706481934, 'документов,': 9.897927284240723, 'в': 3.008960723876953, 'том': 0.39813232421875, 'числе': 0.0010662078857421875, '429': 11.848337173461914, 'новогодние': 12.518047332763672, 'открытки,': 1.7077350616455078, 'которые': 2.326716423034668, 'не': 4.046762466430664, 'были': 1.269155502319336, 'доставлены': 2.815073013305664, 'получателям,': 6.98294734954834, 'для': 7.037896156311035, 'которых': 3.8956212997436523, 'они': 1.179051399230957, 'предназначались.': 0.9848251342773438}",с того,"{'с': 0.0, 'того': 8.491372108459473}","этот мальчик спрятал более 600 почтовых документов, с того 429 новогодние открытки, которые не были доставлены получателям, для которых они предназначались.","{'этот': 7.696650505065918, 'мальчик': 6.406732559204102, 'спрятал': 10.023303031921387, 'более': 10.38412094116211, '600': 3.9267282485961914, 'почтовых': 9.134825706481934, 'документов,': 9.897927284240723, 'с': 5.7568206787109375, 'того': 6.961751937866211, '429': 18.70304584503174, 'новогодние': 14.62518310546875, 'открытки,': 2.3091163635253906, 'которые': 2.0740346908569336, 'не': 3.9055099487304688, 'были': 1.5638351440429688, 'доставлены': 2.8255538940429688, 'получателям,': 6.392620086669922, 'для': 7.098890781402588, 'которых': 3.51346492767334, 'они': 1.385645866394043, 'предназначались.': 1.1852970123291016}"
co nejrychleji,"{'co': 0.0, 'nejrychleji': 42.3386926651001}",co nejrychleji přijdeme.,"{'co': 0.0, 'nejrychleji': 42.3386926651001, 'prijdeme.': 27.846129417419434}",как только,"{'как': 0.0, 'только': 5.052468299865723}","придем, как только сможем.","{'придем,': 11.303548812866211, 'как': 3.4116764068603516, 'только': 1.8852386474609375, 'сможем.': 3.2056217193603516}",что рыхлый,"{'что': 0.0, 'рыхлый': 14.25387954711914}","придем, что рыхлый сможем.","{'придем,': 11.303548812866211, 'что': 4.872016906738281, 'рыхлый': 17.31884002685547, 'сможем.': 17.132936477661133}"
dokonce i,"{'dokonce': 16.757814407348633, 'i': 6.329686164855957}","ještě před půl stoletím bylo na takové dobývání třeba věnovat mnoho času (i týdny, dokonce i měsíce!).","{'jeste': 9.582878112792969, 'pred': 8.590225219726562, 'pul': 13.762240409851074, 'stoletim': 22.718345642089844, 'bylo': 10.694010734558105, 'na': 4.184351921081543, 'takove': 13.750134468078613, 'dobyvani': 20.179248809814453, 'treba': 11.287800788879395, 'venovat': 16.12914752960205, 'mnoho': 16.878207206726074, 'casu': 12.87678337097168, '(i': 9.411795616149902, 'tydny,': 23.684097290039062, 'dokonce': 12.910110473632812, 'i': 4.274358749389648, 'mesice!).': 29.536821365356445}",а то и,"{'а': 0.0, 'то': 6.535887241363525, 'и': 2.533196449279785}","еще полвека назад для такого завоевания требовалась уйма времени (недели, а то и месяцы! ).","{'еще': 0.0, 'полвека': 11.663976669311523, 'назад': 1.311326026916504, 'для': 6.688133239746094, 'такого': 5.657865524291992, 'завоевания': 10.179134368896484, 'требовалась': 5.842024803161621, 'уйма': 7.37252140045166, 'времени': 1.1923418045043945, '(недели,': 14.89394474029541, 'а': 2.3217926025390625, 'то': 0.31011199951171875, 'и': 0.0060482025146484375, 'месяцы!': 7.217142105102539, ').': 5.938514709472656}",до конца и ,"{'до': 0.0, 'конца': 8.417715072631836, 'и': 5.245887756347656}","еще полвека назад для такого завоевания требовалась уйма времени (недели, до конца и  месяцы! ).","{'еще': 0.0, 'полвека': 11.663976669311523, 'назад': 1.311326026916504, 'для': 6.688133239746094, 'такого': 5.657865524291992, 'завоевания': 10.179134368896484, 'требовалась': 5.842024803161621, 'уйма': 7.37252140045166, 'времени': 1.1923418045043945, '(недели,': 14.89394474029541, 'до': 9.162702560424805, 'конца': 3.953876495361328, 'и': 6.805773735046387, 'месяцы!': 27.93004322052002, ').': 3.9896841049194336}"
potom co,"{'potom': 10.522088050842285, 'co': 15.00955581665039}","zaslechl vrzání pantů asi přes čtyři střechy nedlouho potom, co jeho přítel odešel.","{'zaslechl': 26.701244354248047, 'vrzani': 24.584814071655273, 'pantu': 17.247018814086914, 'asi': 11.896909713745117, 'pres': 11.517922401428223, 'ctyri': 23.214778900146484, 'strechy': 21.565872192382812, 'nedlouho': 23.39967155456543, 'potom,': 14.422825813293457, 'co': 6.315522193908691, 'jeho': 10.005220413208008, 'pritel': 15.677764892578125, 'odesel.': 19.813864707946777}",после того как,"{'после': 0.0, 'того': 3.2788333892822266, 'как': 1.133946418762207}","чердачник услышал скрип оконных петель на одной из соседних крыш ― было это вскоре после того, как друг его удалился.","{'чердачник': 12.282477855682373, 'услышал': 8.997300148010254, 'скрип': 4.158903121948242, 'оконных': 7.685201644897461, 'петель': 1.006927490234375, 'на': 5.392267227172852, 'одной': 6.342517852783203, 'из': 0.11126708984375, 'соседних': 3.081698417663574, 'крыш': 1.8191242218017578, '―': 11.67609977722168, 'было': 6.5899457931518555, 'это': 5.637083053588867, 'вскоре': 6.517101287841797, 'после': 0.022966384887695312, 'того,': 1.3982868194580078, 'как': 0.007892608642578125, 'друг': 11.071695327758789, 'его': 1.8961639404296875, 'удалился.': 9.235030174255371}",потом что,"{'потом': 0.0, 'что': 5.417031288146973}",чердачник услышал скрип оконных петель на одной из соседних крыш ― было это вскоре потом что друг его удалился.,"{'чердачник': 12.282477855682373, 'услышал': 8.997300148010254, 'скрип': 4.158903121948242, 'оконных': 7.685201644897461, 'петель': 1.006927490234375, 'на': 5.392267227172852, 'одной': 6.342517852783203, 'из': 0.11126708984375, 'соседних': 3.081698417663574, 'крыш': 1.8191242218017578, '―': 11.67609977722168, 'было': 6.5899457931518555, 'это': 5.637083053588867, 'вскоре': 6.517101287841797, 'потом': 8.711732864379883, 'что': 9.727245330810547, 'друг': 10.625753402709961, 'его': 2.6455020904541016, 'удалился.': 11.455392837524414}"
čím více,"{'cim': 6.123952865600586, 'vice': 12.541834354400635}","čím více a rychleji se nato bude rozšiřovat, tím rychleji zmizí v archivu","{'cim': 6.1239519119262695, 'vice': 12.541836261749268, 'a': 8.410287857055664, 'rychleji': 8.442973136901855, 'se': 5.415999412536621, 'nato': 12.73398494720459, 'bude': 11.32449722290039, 'rozsirovat,': 25.990099906921387, 'tim': 8.92747974395752, 'zmizi': 17.549792289733887, 'v': 4.014781951904297, 'archivu': 17.269214630126953}",чем больше,"{'чем': 0.0, 'больше': 7.0220184326171875}","чем больше и быстрее нато будет расширяться, тем быстрее исчезнет в архивах, и тогда многие из нас будут спать спокойнее.","{'чем': 0.0, 'больше': 7.022019386291504, 'и': 2.2502288818359375, 'быстрее': 1.955230712890625, 'нато': 11.947225570678711, 'будет': 7.967687606811523, 'расширяться,': 6.486920356750488, 'тем': 0.6055135726928711, 'исчезнет': 6.91959285736084, 'в': 4.980382919311523, 'архивах,': 14.882762908935547, 'тогда': 4.159859657287598, 'многие': 7.414328575134277, 'из': 2.564572334289551, 'нас': 1.9626522064208984, 'будут': 2.347317695617676, 'спать': 6.411432266235352, 'спокойнее.': 4.711993217468262}",чем выше,"{'чем': 0.0, 'выше': 8.109903335571289}","чем выше и быстрее нато будет расширяться, тем быстрее исчезнет в архивах, и тогда многие из нас будут спать спокойнее.","{'чем': 0.0, 'выше': 8.109903335571289, 'и': 2.24318790435791, 'быстрее': 1.8302230834960938, 'нато': 12.691292762756348, 'будет': 7.561370849609375, 'расширяться,': 6.753338813781738, 'тем': 2.851469039916992, 'исчезнет': 7.353245735168457, 'в': 4.853307723999023, 'архивах,': 14.743825912475586, 'тогда': 4.181549072265625, 'многие': 7.446435928344727, 'из': 2.706772804260254, 'нас': 2.109132766723633, 'будут': 2.271702766418457, 'спать': 6.65131950378418, 'спокойнее.': 4.9548797607421875}"
i když,"{'i': 0.0, 'kdyz': 21.493639945983887}","tygr dokáže šplhat (i když ne dobře), plavat, skákat na velké vzdálenosti.","{'tygr': 9.919035911560059, 'dokaze': 24.347323417663574, 'splhat': 23.812167167663574, '(i': 10.208854675292969, 'kdyz': 15.948773384094238, 'ne': 7.2632341384887695, 'dobre),': 14.426796913146973, 'plavat,': 17.45254135131836, 'skakat': 13.52552318572998, 'na': 5.071086883544922, 'velke': 12.695176124572754, 'vzdalenosti.': 28.59798812866211}",хотя и,"{'хотя': 0.0, 'и': 2.9051742553710938}","будучи всесторонне развитым атлетом, тигр может взбираться на деревья (хотя и не очень хорошо), плавать, прыгать на большие расстояния и тянуть с силой пяти крепких человек.","{'будучи': 8.382522583007812, 'всесторонне': 9.955730438232422, 'развитым': 1.3373489379882812, 'атлетом,': 8.294466018676758, 'тигр': 11.22147274017334, 'может': 3.358454704284668, 'взбираться': 7.863511085510254, 'на': 2.5119552612304688, 'деревья': 1.8427963256835938, '(хотя': 9.682209968566895, 'и': 1.6754646301269531, 'не': 1.1078252792358398, 'очень': 2.2220535278320312, 'хорошо),': 4.697080612182617, 'плавать,': 4.184910774230957, 'прыгать': 2.5564613342285156, 'большие': 2.6494789123535156, 'расстояния': 0.08272743225097656, 'тянуть': 9.124749183654785, 'с': 4.752886772155762, 'силой': 5.996338844299316, 'пяти': 9.721960067749023, 'крепких': 10.862894058227539, 'человек.': 4.192418098449707}",и где же,"{'и': 0.0, 'где': 8.079419136047363, 'же': 3.9116897583007812}","будучи всесторонне развитым атлетом, тигр может взбираться на деревья (и где же не очень хорошо), плавать, прыгать на большие расстояния и тянуть с силой пяти крепких человек.","{'будучи': 8.382522583007812, 'всесторонне': 9.955730438232422, 'развитым': 1.3373489379882812, 'атлетом,': 8.294466018676758, 'тигр': 11.22147274017334, 'может': 3.358454704284668, 'взбираться': 7.863511085510254, 'на': 2.579113006591797, 'деревья': 1.8427963256835938, '(и': 8.639577865600586, 'где': 8.666006088256836, 'же': 5.054784774780273, 'не': 7.007686614990234, 'очень': 6.446566581726074, 'хорошо),': 8.039944648742676, 'плавать,': 4.692007064819336, 'прыгать': 2.570103645324707, 'большие': 2.793895721435547, 'расстояния': 0.09723854064941406, 'и': 1.8307304382324219, 'тянуть': 9.225778579711914, 'с': 4.724806785583496, 'силой': 5.967062950134277, 'пяти': 9.705018997192383, 'крепких': 10.97491455078125, 'человек.': 4.5500383377075195}"
proto že,"{'proto': 6.234644889831543, 'ze': 11.029936790466309}","já, musím se přiznat, jsem ji nechala u chatfieldů také proto, že bych s ní zrovna teď nerada zůstala o samotě.","{'ja,': 3.64725399017334, 'musim': 15.501115798950195, 'se': 9.23372745513916, 'priznat,': 17.966428756713867, 'jsem': 8.437837600708008, 'ji': 7.0765581130981445, 'nechala': 14.51624870300293, 'u': 5.6986799240112305, 'chatfieldu': 32.784698486328125, 'take': 11.360336303710938, 'proto,': 16.549530029296875, 'ze': 4.381614685058594, 'bych': 9.363860130310059, 's': 3.886622428894043, 'ni': 9.122645378112793, 'zrovna': 18.40591335296631, 'ted': 11.215185165405273, 'nerada': 18.08542251586914, 'zustala': 15.169947624206543, 'o': 4.5766754150390625, 'samote.': 16.637100219726562}",оттого что,"{'оттого': 6.842520713806152, 'что': 2.297365188598633}","она сперва решительно отказалась ехать, и, признаюсь, я оставила ее у чатфильдов, оттого, что боюсь с ней оставаться с глазу на глаз, пока она в таком настроении.","{'она': 1.4097480773925781, 'сперва': 11.835883140563965, 'решительно': 8.618986129760742, 'отказалась': 2.900528907775879, 'ехать,': 5.469640731811523, 'и,': 7.0752973556518555, 'признаюсь,': 8.865070343017578, 'я': 1.1951351165771484, 'оставила': 10.115996360778809, 'ее': 0.497711181640625, 'у': 4.075250625610352, 'чатфильдов,': 30.217805862426758, 'оттого,': 11.933834075927734, 'что': 0.2589874267578125, 'боюсь': 6.655126571655273, 'с': 7.104325294494629, 'ней': 0.9699478149414062, 'оставаться': 5.522387504577637, 'глазу': 0.08601760864257812, 'на': 0.005096435546875, 'глаз,': 1.6401195526123047, 'пока': 4.649344444274902, 'в': 4.25677490234375, 'таком': 1.5435905456542969, 'настроении.': 3.632913589477539}",про то же,"{'про': 0.0, 'то': 8.380937576293945, 'же': 3.980060577392578}","она сперва решительно отказалась ехать, и, признаюсь, я оставила ее у чатфильдов, про то же боюсь с ней оставаться с глазу на глаз, пока она в таком настроении.","{'она': 1.6079835891723633, 'сперва': 11.835883140563965, 'решительно': 8.618986129760742, 'отказалась': 2.900528907775879, 'ехать,': 5.469640731811523, 'и,': 7.0752973556518555, 'признаюсь,': 8.865070343017578, 'я': 1.1951351165771484, 'оставила': 10.115996360778809, 'ее': 0.497711181640625, 'у': 4.075250625610352, 'чатфильдов,': 30.217805862426758, 'про': 8.23281478881836, 'то': 7.240056037902832, 'же': 4.102126121520996, 'боюсь': 11.511442184448242, 'с': 6.81562614440918, 'ней': 0.9079360961914062, 'оставаться': 8.953333854675293, 'глазу': 0.43407249450683594, 'на': 0.009893417358398438, 'глаз,': 1.4315204620361328, 'пока': 4.4290666580200195, 'в': 3.977309226989746, 'таком': 2.4710378646850586, 'настроении.': 3.4964513778686523}"
ale vždyť,"{'ale': 0.0, 'vzdyt': 25.709386348724365}","máš pravdu, je nešťastná, ale vždyť to je jen knížka.","{'mas': 0.0, 'pravdu,': 23.08829689025879, 'je': 4.139280319213867, 'nestastna,': 26.12828540802002, 'ale': 5.74742317199707, 'vzdyt': 19.278998374938965, 'to': 6.800274848937988, 'jen': 8.718171119689941, 'knizka.': 22.330904960632324}",да ведь,"{'да': 0.0, 'ведь': 8.807609558105469}","конечно, она несчастная, да ведь это книжка.","{'конечно,': 10.060018539428711, 'она': 5.022150039672852, 'несчастная,': 12.256475448608398, 'да': 4.368226051330566, 'ведь': 5.174740791320801, 'это': 3.063650131225586, 'книжка.': 16.18418788909912}",а ведь,"{'а': 0.0, 'ведь': 7.382898330688477}","конечно, она несчастная, а ведь это книжка.","{'конечно,': 10.060018539428711, 'она': 5.022150039672852, 'несчастная,': 12.256475448608398, 'а': 4.087191581726074, 'ведь': 5.148062705993652, 'это': 3.369107246398926, 'книжка.': 14.951343536376953}"
ne méně než,"{'ne': 0.0, 'mene': 15.691798210144043, 'nez': 10.970452308654785}","jistě ne méně než pět set měsíčně, ne-li plných šest set.","{'jiste': 10.075879573822021, 'ne': 7.790493011474609, 'mene': 10.010801315307617, 'nez': 7.886333465576172, 'pet': 9.923384666442871, 'set': 10.495301246643066, 'mesicne,': 28.206467628479004, 'ne-li': 17.758484840393066, 'plnych': 17.879115104675293, 'sest': 9.656627655029297, 'set.': 12.31614875793457}",хотя бы,"{'хотя': 0.0, 'бы': 3.644430160522461}","наверно хотя бы пятисот в месяц, если не все шестьсот.","{'наверно': 8.894648551940918, 'хотя': 9.6957426071167, 'бы': 0.2402505874633789, 'пятисот': 12.84267807006836, 'в': 6.564438819885254, 'месяц,': 4.050309181213379, 'если': 2.7515735626220703, 'не': 2.436915397644043, 'все': 5.923855781555176, 'шестьсот.': 5.646420478820801}",не мне нежели,"{'не': 0.0, 'мне': 7.37196683883667, 'нежели': 13.171554565429688}","наверно не мне нежели пятисот в месяц, если не все шестьсот.","{'наверно': 8.894648551940918, 'не': 3.1039419174194336, 'мне': 6.665003776550293, 'нежели': 15.915083885192871, 'пятисот': 13.437885284423828, 'в': 8.030515670776367, 'месяц,': 5.565239906311035, 'если': 3.913118362426758, 'все': 5.876808166503906, 'шестьсот.': 6.261774063110352}"
už vůbec,"{'uz': 0.0, 'vubec': 25.51572322845459}","a už vůbec není jisté, zdali případné změny režimů budou k lepšímu.","{'a': 0.0, 'uz': 12.8366117477417, 'vubec': 21.73175811767578, 'neni': 10.975207328796387, 'jiste,': 17.565634727478027, 'zdali': 11.512836456298828, 'pripadne': 16.11478900909424, 'zmeny': 14.392533302307129, 'rezimu': 18.437430381774902, 'budou': 13.300811767578125, 'k': 3.2288341522216797, 'lepsimu.': 29.072760581970215}",тем более,"{'тем': 0.0, 'более': 6.097871780395508}","и тем более нет уверенности в том, что возможные изменения пойдут на пользу.","{'и': 0.0, 'тем': 8.178932189941406, 'более': 1.2053451538085938, 'нет': 5.522971153259277, 'уверенности': 6.30430793762207, 'в': 1.0520591735839844, 'том,': 0.616145133972168, 'что': 0.04333305358886719, 'возможные': 11.231101989746094, 'изменения': 3.8264970779418945, 'пойдут': 6.556337356567383, 'на': 0.7476100921630859, 'пользу.': 1.6940174102783203}",уж вообще,"{'уж': 0.0, 'вообще': 11.795167922973633}","и уж вообще нет уверенности в том, что возможные изменения пойдут на пользу.","{'и': 0.0, 'уж': 9.4994478225708, 'вообще': 7.048032283782959, 'нет': 5.783766746520996, 'уверенности': 7.0613112449646, 'в': 1.5053672790527344, 'том,': 0.4954414367675781, 'что': 0.054645538330078125, 'возможные': 11.554388046264648, 'изменения': 3.95538330078125, 'пойдут': 6.45755672454834, 'на': 0.739593505859375, 'пользу.': 1.6778755187988281}"
než dojde,"{'nez': 5.109758377075195, 'dojde': 19.745158195495605}","potrvá mnoho let, než dojde ke stavbě použitelných fúzních reaktorů.","{'potrva': 21.392759323120117, 'mnoho': 18.429920196533203, 'let,': 14.390336990356445, 'nez': 7.986397743225098, 'dojde': 18.93702793121338, 'ke': 10.016860961914062, 'stavbe': 18.30510425567627, 'pouzitelnych': 29.016257286071777, 'fuznich': 20.46070671081543, 'reaktoru.': 21.46469783782959}",прежде чем,"{'прежде': 3.3745765686035156, 'чем': 1.7339153289794922}","пройдет много времени, прежде чем будут построены полезные термоядерные реакторы.","{'пройдет': 8.800262928009033, 'много': 4.422698974609375, 'времени,': 1.246307373046875, 'прежде': 0.5045204162597656, 'чем': 0.03288841247558594, 'будут': 6.418386459350586, 'построены': 4.9747419357299805, 'полезные': 9.006636619567871, 'термоядерные': 7.769371032714844, 'реакторы.': 1.7708587646484375}",не дойдет,"{'не': 0.0, 'дойдет': 11.194962501525879}","пройдет много времени, не дойдет будут построены полезные термоядерные реакторы.","{'пройдет': 8.800262928009033, 'много': 4.422698974609375, 'времени,': 1.246307373046875, 'не': 6.886745452880859, 'дойдет': 9.213104248046875, 'будут': 13.495976448059082, 'построены': 8.269912719726562, 'полезные': 9.91257381439209, 'термоядерные': 8.31619644165039, 'реакторы.': 2.3300466537475586}"
povídalo se,"{'povidalo': 23.32120990753174, 'se': 7.299068450927734}","povídalo se, že předseda byl bílý jako stěna, opile vrávoral a něco blekotal. ","{'povidalo': 23.321212768554688, 'se,': 11.837020874023438, 'ze': 7.75811767578125, 'predseda': 16.896738052368164, 'byl': 8.970010757446289, 'bily': 12.795928955078125, 'jako': 10.487391471862793, 'stena,': 15.385041236877441, 'opile': 15.100849151611328, 'vravoral': 27.129432678222656, 'a': 5.665184020996094, 'neco': 12.457361221313477, 'blekotal.': 25.875070571899414}",по слухам,"{'по': 0.0, 'слухам': 9.029349327087402}","по слухам, на никаноре ивановиче лица не было, что он пошатывался, проходя, как пьяный, и что-то бормотал.","{'по': 0.0, 'слухам,': 9.421063423156738, 'на': 4.045623779296875, 'никаноре': 21.378820419311523, 'ивановиче': 20.108524799346924, 'лица': 7.616550445556641, 'не': 1.7419624328613281, 'было,': 2.145254135131836, 'что': 4.408295631408691, 'он': 3.3189220428466797, 'пошатывался,': 13.964438438415527, 'проходя,': 11.20268440246582, 'как': 3.524667739868164, 'пьяный,': 4.5234375, 'и': 2.800783157348633, 'что-то': 6.780327796936035, 'бормотал.': 1.9131221771240234}",поведали что,"{'поведали': 5.477680206298828, 'что': 6.016969203948975}","поведали что, на никаноре ивановиче лица не было, что он пошатывался, проходя, как пьяный, и что-то бормотал.","{'поведали': 5.477679252624512, 'что,': 10.710352420806885, 'на': 4.2855682373046875, 'никаноре': 21.360487937927246, 'ивановиче': 16.93793535232544, 'лица': 7.105478286743164, 'не': 1.8304710388183594, 'было,': 1.8786115646362305, 'что': 4.395816802978516, 'он': 1.977309226989746, 'пошатывался,': 13.42535400390625, 'проходя,': 11.17222261428833, 'как': 3.6264638900756836, 'пьяный,': 4.361127853393555, 'и': 2.2448558807373047, 'что-то': 6.636431694030762, 'бормотал.': 1.9098739624023438}"
tímto způsobem,"{'timto': 16.347609043121338, 'zpusobem': 37.88393306732178}",tímto způsobem se tam pro rusy otevírá obrovský obchodní potenciál.,"{'timto': 16.34760856628418, 'zpusobem': 37.883931159973145, 'se': 6.084321022033691, 'tam': 8.302539825439453, 'pro': 6.611086845397949, 'rusy': 14.1544189453125, 'otevira': 28.089658737182617, 'obrovsky': 19.467435836791992, 'obchodni': 19.33766269683838, 'potencial.': 18.94698143005371}",таким образом,"{'таким': 4.949761390686035, 'образом': 0.5503902435302734}","таким образом, перед русскими там открываются огромные коммерческие возможности.","{'таким': 4.949761390686035, 'образом,': 1.359757423400879, 'перед': 6.849167823791504, 'русскими': 8.569404602050781, 'там': 8.299280166625977, 'открываются': 4.518499374389648, 'огромные': 2.422600746154785, 'коммерческие': 7.7601470947265625, 'возможности.': 2.0757293701171875}",тем способом,"{'тем': 0.0, 'способом': 10.305498123168945}","тем способом, перед русскими там открываются огромные коммерческие возможности.","{'тем': 0.0, 'способом,': 10.9251708984375, 'перед': 8.938007354736328, 'русскими': 11.915814399719238, 'там': 8.157201766967773, 'открываются': 8.117701530456543, 'огромные': 2.2216148376464844, 'коммерческие': 7.460893630981445, 'возможности.': 2.0806217193603516}"
v každém případě,"{'v': 0.0, 'kazdem': 24.75029945373535, 'pripade': 16.20282745361328}",v každém případě odneste kotě i misku.,"{'v': 0.0, 'kazdem': 24.75029754638672, 'pripade': 16.202834129333496, 'odneste': 18.517349243164062, 'kote': 12.862869262695312, 'i': 4.020591735839844, 'misku.': 16.191805839538574}",во всяком случае,"{'во': 0.0, 'всяком': 8.503047943115234, 'случае': 0.010145187377929688}","во всяком случае, уберите и котенка и блюдечко.","{'во': 0.0, 'всяком': 8.503047943115234, 'случае,': 0.3202199935913086, 'уберите': 12.690296173095703, 'и': 1.7839336395263672, 'котенка': 12.433878898620605, 'блюдечко.': 12.184531211853027}",в каждом припадке,"{'в': 0.0, 'каждом': 8.338976860046387, 'припадке': 12.749049186706543}","в каждом припадке, уберите и котенка и блюдечко.","{'в': 0.0, 'каждом': 8.338976860046387, 'припадке,': 15.409143447875977, 'уберите': 14.964947700500488, 'и': 1.6451606750488281, 'котенка': 12.641493797302246, 'блюдечко.': 13.215352058410645}"
mezi jiným,"{'mezi': 10.686837196350098, 'jinym': 23.078789710998535}","mezi jiným jsem pozoroval, že dr kramář bude mít potíže.","{'mezi': 10.686834812164307, 'jinym': 23.078791618347168, 'jsem': 15.286786079406738, 'pozoroval,': 21.528045654296875, 'ze': 4.95004940032959, 'dr': 6.249210357666016, 'kramar': 20.853235244750977, 'bude': 11.8201904296875, 'mit': 9.260973930358887, 'potize.': 22.075736045837402}",между прочим,"{'между': 0.0, 'прочим': 6.992068290710449}","между прочим, для меня выяснилось, что у д-ра крамаржа будут неприятности.","{'между': 0.0, 'прочим,': 7.189597129821777, 'для': 5.205141067504883, 'меня': 3.0931034088134766, 'выяснилось,': 10.457250595092773, 'что': 0.03851509094238281, 'у': 3.126230239868164, 'д-ра': 11.637146949768066, 'крамаржа': 23.7026424407959, 'будут': 9.582367897033691, 'неприятности.': 5.138181686401367}",меж иными,"{'меж': 5.710066795349121, 'иными': 10.977102279663086}","меж иными, для меня выяснилось, что у д-ра крамаржа будут неприятности.","{'меж': 5.710067272186279, 'иными,': 14.49309253692627, 'для': 5.683842658996582, 'меня': 3.252224922180176, 'выяснилось,': 10.950761795043945, 'что': 0.08294105529785156, 'у': 3.648360252380371, 'д-ра': 12.42376708984375, 'крамаржа': 23.43105125427246, 'будут': 9.00742244720459, 'неприятности.': 4.473668098449707}"
lze říci,"{'lze': 8.994302749633789, 'rici': 17.209903240203857}","lze říci, že trasu letu lze měnit pouze z důvodu zajištění bezpečnosti a ochrany zdraví.","{'lze': 10.654317855834961, 'rici,': 19.665699005126953, 'ze': 6.258973121643066, 'trasu': 17.85002613067627, 'letu': 11.85400390625, 'menit': 14.40349292755127, 'pouze': 15.409320831298828, 'z': 3.528592109680176, 'duvodu': 20.95840072631836, 'zajisteni': 21.642955780029297, 'bezpecnosti': 24.26987648010254, 'a': 4.88607120513916, 'ochrany': 18.58358860015869, 'zdravi.': 13.437263488769531}",можно сказать,"{'можно': 0.0, 'сказать': 4.402440071105957}","можно сказать, что трассу полета можно менять только в интересах безопасности и защиты здоровья.","{'можно': 3.570427894592285, 'сказать,': 5.084597587585449, 'что': 0.3998088836669922, 'трассу': 13.684341430664062, 'полета': 11.225227355957031, 'менять': 6.814786911010742, 'только': 5.192315101623535, 'в': 1.565567970275879, 'интересах': 7.975916862487793, 'безопасности': 3.7647600173950195, 'и': 2.6444578170776367, 'защиты': 4.589694976806641, 'здоровья.': 5.521780967712402}",возможно речь,"{'возможно': 0.0, 'речь': 9.654094696044922}","возможно речь, что трассу полета можно менять только в интересах безопасности и защиты здоровья.","{'возможно': 0.0, 'речь,': 14.738160133361816, 'что': 3.226369857788086, 'трассу': 13.456186294555664, 'полета': 11.775604248046875, 'можно': 4.276374816894531, 'менять': 4.86778450012207, 'только': 4.863792419433594, 'в': 1.6301689147949219, 'интересах': 8.000584602355957, 'безопасности': 3.5097742080688477, 'и': 2.7545785903930664, 'защиты': 4.343496322631836, 'здоровья.': 6.767866134643555}"
v podstatě,"{'v': 0.0, 'podstate': 24.980830192565918}","jediné, co udělám ― jediné, co si troufnu udělat ― bude v podstatě taková hloupost…","{'jedine,': 10.896520614624023, 'co': 1.7587947845458984, 'udelam': 30.29809284210205, '--': 2.8232479095458984, 'si': 7.992063522338867, 'troufnu': 28.52795124053955, 'udelat': 11.574983596801758, 'bude': 12.565030097961426, 'v': 4.786192893981934, 'podstate': 23.362500190734863, 'takova': 17.104541778564453, 'hloupost...': 27.61475944519043}",в сущности,"{'в': 0.0, 'сущности': 9.258739471435547}","все, что сделаю, все, что посмею сделать, будет, в сущности, такая малость…","{'все,': 3.538494110107422, 'что': 0.14534759521484375, 'сделаю,': 11.705230712890625, 'посмею': 8.01599407196045, 'сделать,': 4.730025291442871, 'будет,': 8.901948928833008, 'в': 5.402677536010742, 'сущности,': 4.199944496154785, 'такая': 8.805124282836914, 'малость…': 6.453474998474121}",под стать,"{'под': 0.0, 'стать': 11.06812858581543}","все, что сделаю, все, что посмею сделать, будет, под стать, такая малость…","{'все,': 3.538494110107422, 'что': 0.14534759521484375, 'сделаю,': 11.705230712890625, 'посмею': 8.01599407196045, 'сделать,': 4.730025291442871, 'будет,': 8.901948928833008, 'под': 9.006153106689453, 'стать,': 6.974865913391113, 'такая': 9.22848892211914, 'малость…': 8.485208511352539}"
jak je známo,"{'jak': 6.630247116088867, 'je': 9.261003971099854, 'znamo': 12.720904350280762}","jak je známo, bzučet mohou jedině včely.","{'jak': 6.630248546600342, 'je': 9.261002540588379, 'znamo,': 15.901448249816895, 'bzucet': 22.613959312438965, 'mohou': 18.695307731628418, 'jedine': 14.129380226135254, 'vcely.': 21.896836280822754}",как известно,"{'как': 0.0, 'известно': 6.380215167999268}","как известно, жужать могут только пчелы.","{'как': 0.0, 'известно,': 6.781369686126709, 'жужать': 18.570141792297363, 'могут': 5.213468551635742, 'только': 1.092839241027832, 'пчелы.': 4.137138366699219}",как это знакомо,"{'как': 0.0, 'это': 5.3333420753479, 'знакомо': 7.2438063621521}","как это знакомо, жужать могут только пчелы.","{'как': 0.0, 'это': 5.3333420753479, 'знакомо,': 9.432159423828125, 'жужать': 15.960134506225586, 'могут': 8.059219360351562, 'только': 1.9655561447143555, 'пчелы.': 4.697939872741699}"
podle něj,"{'podle': 11.944719314575195, 'nej': 15.930601119995117}",podle něj je tohle jeden z hlavních důvodů.,"{'podle': 11.944716453552246, 'nej': 15.930598258972168, 'je': 9.401795387268066, 'tohle': 15.12535285949707, 'jeden': 10.325352668762207, 'z': 3.1335926055908203, 'hlavnich': 22.45329761505127, 'duvodu.': 23.897238731384277}",по его мнению,"{'по': 0.0, 'его': 7.188804626464844, 'мнению': 1.915421485900879}","по его мнению, в этом состоит одна из основных причин.","{'по': 0.0, 'его': 7.188804626464844, 'мнению,': 2.051079750061035, 'в': 3.235586166381836, 'этом': 3.21903133392334, 'состоит': 5.624660491943359, 'одна': 3.3994264602661133, 'из': 0.027242660522460938, 'основных': 2.8117895126342773, 'причин.': 6.0419921875}",подле нее,"{'подле': 6.469727516174316, 'нее': 4.1806840896606445}","подле нее, в этом состоит одна из основных причин.","{'подле': 6.469727516174316, 'нее,': 6.387063026428223, 'в': 3.0499067306518555, 'этом': 6.221954345703125, 'состоит': 9.24752426147461, 'одна': 4.259328842163086, 'из': 0.05920600891113281, 'основных': 3.3951196670532227, 'причин.': 5.786779403686523}"
krátce řečeno,"{'kratce': 17.822553634643555, 'receno': 22.931367874145508}","krátce řečeno, jako jeho stájník. a také byste ošetřoval psy.","{'kratce': 17.822550773620605, 'receno,': 25.342150688171387, 'jako': 11.857333183288574, 'jeho': 10.09269905090332, 'stajnik.': 20.805776596069336, 'a': 7.697559356689453, 'take': 11.074875831604004, 'byste': 15.854113578796387, 'osetroval': 24.03637981414795, 'psy.': 16.73476791381836}",одним словом,"{'одним': 6.0306901931762695, 'словом': 2.2404518127441406}","одним словом, у него в конюхах. и собак смотреть.","{'одним': 6.0306901931762695, 'словом,': 2.908140182495117, 'у': 4.477239608764648, 'него': 2.51339054107666, 'в': 3.7600574493408203, 'конюхах.': 21.68631649017334, 'и': 8.0938720703125, 'собак': 7.834565162658691, 'смотреть.': 11.752065658569336}",краткая речь,"{'краткая': 9.104762077331543, 'речь': 2.559019088745117}","краткая речь, у него в конюхах. и собак смотреть.","{'краткая': 9.104762077331543, 'речь,': 4.7473955154418945, 'у': 6.932260036468506, 'него': 2.629878044128418, 'в': 3.897235870361328, 'конюхах.': 21.877970695495605, 'и': 8.031660079956055, 'собак': 8.537132263183594, 'смотреть.': 11.114680290222168}"
jak se říká,"{'jak': 6.630247116088867, 'se': 7.739538192749023, 'rika': 14.040971755981445}","posud nepozbyla své krásy, ani zdraví i byla, jak se říká krev a mléko.","{'posud': 12.988057136535645, 'nepozbyla': 31.550314903259277, 'sve': 8.457986831665039, 'krasy,': 16.689729690551758, 'ani': 9.14339542388916, 'zdravi': 10.36860179901123, 'i': 4.524372100830078, 'byla,': 11.155577659606934, 'jak': 6.011493682861328, 'se': 5.033072471618652, 'rika': 13.150771141052246, 'krev': 13.806180000305176, 'a': 9.350190162658691, 'mleko.': 20.95882225036621}",что называется,"{'что': 0.0, 'называется': 7.739140510559082}","она еще не утратила ни красоты, ни здоровья и была то, что называется кровь с молоком.","{'она': 0.0, 'еще': 8.13790512084961, 'не': 1.5764436721801758, 'утратила': 7.162281036376953, 'ни': 0.0058116912841796875, 'красоты,': 4.793107986450195, 'здоровья': 4.982287406921387, 'и': 3.2197952270507812, 'была': 2.095555305480957, 'то,': 13.24681282043457, 'что': 0.2078990936279297, 'называется': 0.6078701019287109, 'кровь': 10.023384094238281, 'с': 0.1977100372314453, 'молоком.': 0.29061126708984375}",как эта река,"{'как': 0.0, 'эта': 7.907790184020996, 'река': 8.37908935546875}","она еще не утратила ни красоты, ни здоровья и была то, как эта река кровь с молоком.","{'она': 0.0, 'еще': 8.13790512084961, 'не': 1.5764436721801758, 'утратила': 7.162281036376953, 'ни': 0.0058116912841796875, 'красоты,': 4.793107986450195, 'здоровья': 4.982287406921387, 'и': 3.2197952270507812, 'была': 2.095555305480957, 'то,': 13.24681282043457, 'как': 3.4244823455810547, 'эта': 7.545351028442383, 'река': 6.0600481033325195, 'кровь': 10.92231273651123, 'с': 3.6458730697631836, 'молоком.': 1.1945877075195312}"
podle všeho,"{'podle': 11.944719314575195, 'vseho': 18.40427589416504}","nejdříve většina médií tvrdila, že za vraždou podle všeho stojí mafie.","{'nejdrive': 19.09721279144287, 'vetsina': 22.849472045898438, 'medii': 12.977705001831055, 'tvrdila,': 21.833142280578613, 'ze': 6.472478866577148, 'za': 4.985966682434082, 'vrazdou': 23.315771102905273, 'podle': 10.226304054260254, 'vseho': 9.403234481811523, 'stoji': 10.517333984375, 'mafie.': 17.458017349243164}",судя по всему,"{'судя': 3.829318046569824, 'по': 0.02623748779296875, 'всему': 1.3844575881958008}","сначала большая часть сми, в том числе чешских, утверждала, что, судя по всему, за убийством стоит мафия.","{'сначала': 9.600203514099121, 'большая': 9.914268493652344, 'часть': 2.076535224914551, 'сми,': 12.676405906677246, 'в': 4.378875732421875, 'том': 0.9972467422485352, 'числе': 0.014984130859375, 'чешских,': 14.013254165649414, 'утверждала,': 8.584146499633789, 'что,': 5.2244415283203125, 'судя': 5.504661560058594, 'по': 0.0031299591064453125, 'всему,': 1.194906234741211, 'за': 6.146209716796875, 'убийством': 4.219578742980957, 'стоит': 1.5007457733154297, 'мафия.': 7.544580459594727}",подле всего,"{'подле': 6.469727516174316, 'всего': 6.93634033203125}","сначала большая часть сми, в том числе чешских, утверждала, что, подле всего, за убийством стоит мафия.","{'сначала': 9.600203514099121, 'большая': 9.914268493652344, 'часть': 2.076535224914551, 'сми,': 12.676405906677246, 'в': 4.378875732421875, 'том': 0.9972467422485352, 'числе': 0.014984130859375, 'чешских,': 14.013254165649414, 'утверждала,': 8.584146499633789, 'что,': 5.2244415283203125, 'подле': 11.312725067138672, 'всего,': 7.7464189529418945, 'за': 5.621891975402832, 'убийством': 9.243210792541504, 'стоит': 2.3310136795043945, 'мафия.': 7.804349899291992}"
proboha,{'proboha': 16.74202251434326},"lyšíš? páni jdou. proboha, heleno!","{'lysis?': 15.45042610168457, 'pani': 15.726347923278809, 'jdou.': 22.849470138549805, 'proboha,': 28.430551528930664, 'heleno!': 23.53253936767578}",ради бога,"{'ради': 0.0, 'бога': 11.743861198425293}","слышишь, господа пришли. нана: ради бога, елена!","{'слышишь,': 11.321529388427734, 'господа': 9.805421829223633, 'пришли.': 12.051640510559082, 'нана:': 28.02500867843628, 'ради': 9.870500564575195, 'бога,': 1.8520803451538086, 'елена!': 16.513798713684082}",про бога,"{'про': 0.0, 'бога': 13.268166542053223}","слышишь, господа пришли. нана: про бога, елена!","{'слышишь,': 11.321529388427734, 'господа': 9.805421829223633, 'пришли.': 12.051640510559082, 'нана:': 28.02500867843628, 'про': 7.041317939758301, 'бога,': 9.555548667907715, 'елена!': 19.897480964660645}"
asi spíš,"{'asi': 5.972299575805664, 'spis': 16.204808235168457}",ale asi spíš v tom lepším: na bezpráví a násilí jsem citlivější.,"{'ale': 0.0, 'asi': 15.113057136535645, 'spis': 17.10522747039795, 'v': 7.258493423461914, 'tom': 12.517463684082031, 'lepsim:': 25.70311737060547, 'na': 7.845036506652832, 'bezpravi': 22.002562522888184, 'a': 4.864996910095215, 'nasili': 13.505754470825195, 'jsem': 12.386409759521484, 'citlivejsi.': 34.8969783782959}",все же,"{'все': 0.0, 'же': 5.203333377838135}","правда, хорошего все же больше: я острее реагирую на несправедливость и насилие.","{'правда,': 1.364145278930664, 'хорошего': 9.747767448425293, 'все': 6.11635684967041, 'же': 1.5232486724853516, 'больше:': 5.946906089782715, 'я': 4.841170310974121, 'острее': 12.187150001525879, 'реагирую': 4.151192665100098, 'на': 0.1602001190185547, 'несправедливость': 4.81263542175293, 'и': 1.6153125762939453, 'насилие.': 6.703645706176758}",еще спишь,"{'еще': 0.0, 'спишь': 12.425360679626465}","правда, хорошего еще спишь больше: я острее реагирую на несправедливость и насилие.","{'правда,': 1.364145278930664, 'хорошего': 9.747767448425293, 'еще': 7.1041412353515625, 'спишь': 12.506786346435547, 'больше:': 12.167817115783691, 'я': 4.319808006286621, 'острее': 13.161408424377441, 'реагирую': 3.711979866027832, 'на': 0.2081470489501953, 'несправедливость': 5.212688446044922, 'и': 1.727029800415039, 'насилие.': 6.003852844238281}"
a navíc,"{'a': 0.0, 'navic': 17.85604476928711}",ovšem jednu z nejdivnějších – a navíc patřičně zpolitizovanou.,"{'ovsem': 11.028732299804688, 'jednu': 14.308565139770508, 'z': 3.048821449279785, 'nejdivnejsich': 38.66165733337402, '-': 5.923582077026367, 'a': 3.834535598754883, 'navic': 14.336095809936523, 'patricne': 26.84481906890869, 'zpolitizovanou.': 34.2346830368042}",еще и,"{'еще': 0.0, 'и': 3.6758852005004883}","правда, она получилась одной из самых странных, да еще и крайне политизированных.","{'правда,': 1.364145278930664, 'она': 4.398895263671875, 'получилась': 8.58271598815918, 'одной': 8.482558250427246, 'из': 0.17807388305664062, 'самых': 0.34848785400390625, 'странных,': 7.705413818359375, 'да': 5.181400299072266, 'еще': 2.640565872192383, 'и': 0.2843484878540039, 'крайне': 5.700366020202637, 'политизированных.': 10.620866775512695}",и на вид,"{'и': 0.0, 'на': 4.646613121032715, 'вид': 7.3956298828125}","правда, она получилась одной из самых странных, да и на вид крайне политизированных.","{'правда,': 1.364145278930664, 'она': 4.398895263671875, 'получилась': 8.58271598815918, 'одной': 8.482558250427246, 'из': 0.17807388305664062, 'самых': 0.34848785400390625, 'странных,': 7.705413818359375, 'да': 5.181400299072266, 'и': 0.6154308319091797, 'на': 4.3137006759643555, 'вид': 4.936600685119629, 'крайне': 6.648039817810059, 'политизированных.': 14.76291275024414}"
či co,"{'ci': 0.0, 'co': 9.27389907836914}","a cos ty myslil? prášek, či co?","{'a': 0.0, 'cos': 11.402376174926758, 'ty': 8.487807273864746, 'myslil?': 24.01415252685547, 'prasek,': 25.39138889312744, 'ci': 7.57667350769043, 'co?': 11.963571548461914}",что ли,"{'что': 0.0, 'ли': 6.380331516265869}","а ты что думал? порошок, что ли?","{'а': 0.0, 'ты': 6.94373893737793, 'что': 2.8706741333007812, 'думал?': 6.439391136169434, 'порошок,': 17.597968101501465, 'ли?': 1.0317230224609375}",или что,"{'или': 0.0, 'что': 5.494141101837158}","а ты что думал? порошок, или что?","{'а': 0.0, 'ты': 6.94373893737793, 'что': 3.6500463485717773, 'думал?': 6.439391136169434, 'порошок,': 17.597968101501465, 'или': 5.267192840576172, 'что?': 4.2446441650390625}"
nejen že,"{'nejen': 12.35546875, 'ze': 9.268451690673828}","nejen že nemohl vstát, ale připadalo mu, že nesmí ani otevřít oči.","{'nejen': 12.355469703674316, 'ze': 3.0395774841308594, 'nemohl': 17.274662971496582, 'vstat,': 22.25575828552246, 'ale': 4.773510932922363, 'pripadalo': 21.984864234924316, 'mu,': 11.959574699401855, 'nesmi': 15.865097045898438, 'ani': 9.506033897399902, 'otevrit': 23.69123363494873, 'oci.': 14.7711181640625}",не то что,"{'не': 0.0, 'то': 7.172945976257324, 'что': 1.6347408294677734}","не то что встать, ― ему казалось, что он не может открыть глаз.","{'не': 2.8336381912231445, 'то': 7.172945976257324, 'что': 0.17917823791503906, 'встать,': 11.637152671813965, '―': 13.16020393371582, 'ему': 7.046631813049316, 'казалось,': 5.4012908935546875, 'он': 1.0745258331298828, 'может': 0.9085063934326172, 'открыть': 5.336249351501465, 'глаз.': 3.1799983978271484}",не только же,"{'не': 0.0, 'только': 6.091549396514893, 'же': 7.2711381912231445}","не только же встать, ― ему казалось, что он не может открыть глаз.","{'не': 2.8481826782226562, 'только': 6.091548919677734, 'же': 7.27113676071167, 'встать,': 13.607120513916016, '―': 11.448705673217773, 'ему': 8.011198043823242, 'казалось,': 4.7962646484375, 'что': 0.155029296875, 'он': 1.2708063125610352, 'может': 1.1284294128417969, 'открыть': 5.093935012817383, 'глаз.': 2.9192028045654297}"
skoro ještě,"{'skoro': 9.080301284790039, 'jeste': 15.417585372924805}",některé sceny přečetli jsme několikrát za sebou; celý román jsme přečetli skoro dvakrát po sobě a po druhé líbil se nám skoro ještě víc než po prvé.,"{'nektere': 18.923652172088623, 'sceny': 19.442076683044434, 'precetli': 9.829927444458008, 'jsme': 4.944746017456055, 'nekolikrat': 27.88991355895996, 'za': 7.071521759033203, 'sebou;': 20.071836471557617, 'cely': 13.26450252532959, 'roman': 12.480871200561523, 'skoro': 6.82879638671875, 'dvakrat': 20.02308750152588, 'po': 7.060720443725586, 'sobe': 12.723089218139648, 'a': 6.230573654174805, 'druhe': 12.727909088134766, 'libil': 16.450371742248535, 'se': 7.35234260559082, 'nam': 10.033415794372559, 'jeste': 11.458491325378418, 'vic': 11.561421394348145, 'nez': 9.942577362060547, 'prve.': 14.827702522277832}",едва ли не,"{'едва': 8.080429077148438, 'ли': 3.121053695678711, 'не': 2.5206966400146484}","некоторые отдельные сцены мы прочли по нескольку раз; весь роман почти сплошь прочитали мы два раза, и во второй раз он нам понравился едва ли не более, чем в первый.","{'некоторые': 9.456701278686523, 'отдельные': 8.74688720703125, 'сцены': 7.416472911834717, 'мы': 4.735738754272461, 'прочли': 8.839332580566406, 'по': 3.049696922302246, 'нескольку': 4.152468681335449, 'раз;': 5.217639923095703, 'весь': 7.730554103851318, 'роман': 3.307389259338379, 'почти': 6.560694694519043, 'сплошь': 5.156129837036133, 'прочитали': 8.515451431274414, 'два': 7.947282791137695, 'раза,': 2.1541080474853516, 'и': 1.7216873168945312, 'во': 5.741413116455078, 'второй': 1.0180721282958984, 'раз': 0.07628250122070312, 'он': 2.91426944732666, 'нам': 2.427764892578125, 'понравился': 1.9206047058105469, 'едва': 8.504199028015137, 'ли': 0.029315948486328125, 'не': 0.45166778564453125, 'более,': 4.9359283447265625, 'чем': 0.0864715576171875, 'в': 0.38806724548339844, 'первый.': 0.6634140014648438}",скоро есть,"{'скоро': 0.0, 'есть': 6.985866069793701}","некоторые отдельные сцены мы прочли по нескольку раз; весь роман почти сплошь прочитали мы два раза, и во второй раз он нам понравился скоро есть более, чем в первый.","{'некоторые': 9.456701278686523, 'отдельные': 8.74688720703125, 'сцены': 7.416472911834717, 'мы': 4.735738754272461, 'прочли': 8.839332580566406, 'по': 3.049696922302246, 'нескольку': 4.152468681335449, 'раз;': 5.217639923095703, 'весь': 7.730554103851318, 'роман': 3.307389259338379, 'почти': 6.560694694519043, 'сплошь': 5.156129837036133, 'прочитали': 8.515451431274414, 'два': 7.947282791137695, 'раза,': 2.1541080474853516, 'и': 1.7216873168945312, 'во': 5.741413116455078, 'второй': 1.0180721282958984, 'раз': 0.07628250122070312, 'он': 2.91426944732666, 'нам': 2.427764892578125, 'понравился': 1.9206047058105469, 'скоро': 13.132126808166504, 'есть': 14.0745267868042, 'более,': 11.197681427001953, 'чем': 0.33559417724609375, 'в': 1.7205677032470703, 'первый.': 2.1553707122802734}"
nic takového,"{'nic': 5.166241645812988, 'takoveho': 34.4470272064209}",nic takového zjevně není v plánu.,"{'nic': 5.1662397384643555, 'takoveho': 34.44701957702637, 'zjevne': 24.71218967437744, 'neni': 14.368168830871582, 'v': 4.166851997375488, 'planu.': 15.452000617980957}",ничего подобного,"{'ничего': 0.0, 'подобного': 7.7904767990112305}",ничего подобного явно не планируется.,"{'ничего': 0.0, 'подобного': 7.7904767990112305, 'явно': 12.64900016784668, 'не': 0.30618762969970703, 'планируется.': 7.484468460083008}",ничего такого,"{'ничего': 0.0, 'такого': 6.237556457519531}",ничего такого явно не планируется.,"{'ничего': 0.0, 'такого': 6.237556457519531, 'явно': 9.675950050354004, 'не': 0.49385833740234375, 'планируется.': 7.824871063232422}"
do prčic,"{'do': 0.0, 'prcic': 26.279600143432617}","do prčic, jaká loterie?","{'do': 0.0, 'prcic,': 29.629234313964844, 'jaka': 13.832575798034668, 'loterie?': 23.078044891357422}",да ладно,"{'да': 0.0, 'ладно': 10.82226276397705}","да ладно, какая лотерея?","{'да': 0.0, 'ладно,': 11.621466636657715, 'какая': 7.084425926208496, 'лотерея?': 12.993688583374023}",до причем,"{'до': 0.0, 'причем': 13.493542671203613}","до причем, какая лотерея?","{'до': 0.0, 'причем,': 15.410176277160645, 'какая': 7.823697090148926, 'лотерея?': 13.90160846710205}"
nic jiného než,"{'nic': 5.166241645812988, 'jineho': 28.335912704467773, 'nez': 13.055188179016113}",není to nic jiného než klamavá reklama.,"{'neni': 10.149099349975586, 'to': 5.5399580001831055, 'nic': 11.069067001342773, 'jineho': 27.588825225830078, 'nez': 11.17835807800293, 'klamava': 20.6216459274292, 'reklama.': 13.829886436462402}",не иначе как,"{'не': 0.0, 'иначе': 10.061405181884766, 'как': 1.4983339309692383}","это не иначе, как обманчивая реклама.","{'это': 0.0, 'не': 3.480274200439453, 'иначе,': 9.684229850769043, 'как': 0.4846000671386719, 'обманчивая': 11.77602481842041, 'реклама.': 9.409138679504395}",ничего иного нет,"{'ничего': 0.0, 'иного': 8.982257843017578, 'нет': 5.032082557678223}",это ничего иного нет обманчивая реклама.,"{'это': 0.0, 'ничего': 6.813076019287109, 'иного': 8.60368824005127, 'нет': 4.377276420593262, 'обманчивая': 20.086240768432617, 'реклама.': 9.509475708007812}"
kousek od,"{'kousek': 15.816845893859863, 'od': 11.076717376708984}","stál kousek od mostu, co dělí tajland od kambodže.","{'stal': 3.608586311340332, 'kousek': 24.560405731201172, 'od': 4.721698760986328, 'mostu,': 19.56468963623047, 'co': 7.643727779388428, 'deli': 13.597888946533203, 'tajland': 21.157713890075684, 'kambodze.': 26.06203556060791}",почти что,"{'почти': 0.0, 'что': 4.318419456481934}","он стоял почти что у моста, разделявшего таиланд и камбоджу.","{'он': 0.0, 'стоял': 9.165116310119629, 'почти': 6.18043327331543, 'что': 4.986372947692871, 'у': 2.043607711791992, 'моста,': 7.899946212768555, 'разделявшего': 7.241416931152344, 'таиланд': 13.575677871704102, 'и': 2.733837127685547, 'камбоджу.': 6.852054595947266}",кусок от,"{'кусок': 10.895803451538086, 'от': 5.191823959350586}","он стоял кусок от у моста, разделявшего таиланд и камбоджу.","{'он': 0.0, 'стоял': 9.165116310119629, 'кусок': 11.709305763244629, 'от': 5.470417022705078, 'у': 9.029983520507812, 'моста,': 14.22113037109375, 'разделявшего': 10.256402492523193, 'таиланд': 13.610565185546875, 'и': 2.174957275390625, 'камбоджу.': 5.669431686401367}"
přesně tak,"{'presne': 15.965827941894531, 'tak': 10.692456245422363}","přesně tak, to je výborná rada. ","{'presne': 15.965829372406006, 'tak,': 13.931820392608643, 'to': 4.797211647033691, 'je': 5.115584373474121, 'vyborna': 20.82988739013672, 'rada.': 12.898701667785645}",именно что,"{'именно': 0.0, 'что': 4.135453224182129}","вот именно что... вокруг еще лежит снег, дороги прекрасно высохли, и вы наслаждаетесь походами.","{'вот': 0.0, 'именно': 7.029614448547363, 'что...': 9.378725051879883, 'вокруг': 9.558987617492676, 'еще': 6.765124320983887, 'лежит': 7.785040378570557, 'снег,': 2.375716209411621, 'дороги': 7.1122026443481445, 'прекрасно': 9.570297241210938, 'высохли,': 7.509976387023926, 'и': 2.347231864929199, 'вы': 5.424589157104492, 'наслаждаетесь': 7.209709167480469, 'походами.': 13.180675506591797}",пресно так,"{'пресно': 9.757415771484375, 'так': 6.308089733123779}","вот пресно так... вокруг еще лежит снег, дороги прекрасно высохли, и вы наслаждаетесь походами.","{'вот': 0.0, 'пресно': 15.320910453796387, 'так...': 9.826094627380371, 'вокруг': 9.693755149841309, 'еще': 6.69001579284668, 'лежит': 6.11453914642334, 'снег,': 1.792363166809082, 'дороги': 7.83765983581543, 'прекрасно': 9.677438735961914, 'высохли,': 7.665326118469238, 'и': 2.657557487487793, 'вы': 6.295040130615234, 'наслаждаетесь': 7.03436279296875, 'походами.': 13.353581428527832}"
jak by ne,"{'jak': 6.630247116088867, 'by': 6.868634223937988, 'ne': 8.717666625976562}",jak by ne! a oni měli určitě víc možností se bránit!,"{'jak': 6.630248546600342, 'by': 6.868634223937988, 'ne!': 18.891423225402832, 'a': 6.2943620681762695, 'oni': 13.0017728805542, 'meli': 12.431340217590332, 'urcite': 22.575918197631836, 'vic': 10.959205627441406, 'moznosti': 22.69272804260254, 'se': 5.829947471618652, 'branit!': 17.582204818725586}",как бы не так,"{'как': 0.0, 'бы': 4.55210018157959, 'не': 3.0606861114501953, 'так': 2.241331100463867}",как бы не так! а ведь у них наверняка было больше возможностей защищаться.,"{'как': 0.0, 'бы': 4.55210018157959, 'не': 3.0606861114501953, 'так!': 3.876821517944336, 'а': 5.721260070800781, 'ведь': 5.530235290527344, 'у': 4.1800127029418945, 'них': 2.893357276916504, 'наверняка': 6.081524848937988, 'было': 4.676996231079102, 'больше': 4.374668121337891, 'возможностей': 3.0160703659057617, 'защищаться.': 11.17036247253418}",как будто нет,"{'как': 0.0, 'будто': 6.899827480316162, 'нет': 5.739353179931641}",как будто нет! а ведь у них наверняка было больше возможностей защищаться.,"{'как': 0.0, 'будто': 6.899827480316162, 'нет!': 9.211834907531738, 'а': 5.260191917419434, 'ведь': 3.716480255126953, 'у': 4.365602493286133, 'них': 3.055994987487793, 'наверняка': 5.360856056213379, 'было': 4.572599411010742, 'больше': 4.670111656188965, 'возможностей': 3.438556671142578, 'защищаться.': 10.579663276672363}"
všeho všudy,"{'vseho': 15.651957511901855, 'vsudy': 21.463478088378906}",mám všeho všudy šestatřicet krejcarů.,"{'mam': 5.635946273803711, 'vseho': 19.14572811126709, 'vsudy': 18.43110179901123, 'sestatricet': 35.06630992889404, 'krejcaru.': 28.6206636428833}",всего-навсего,{'всего-навсего': 8.020191192626953},у меня всего-навсего тридцать шесть крейцеров.,"{'у': 0.0, 'меня': 5.621569633483887, 'всего-навсего': 11.434773445129395, 'тридцать': 6.693218231201172, 'шесть': 2.834259033203125, 'крейцеров.': 19.022743225097656}",всего всюду,"{'всего': 0.0, 'всюду': 11.05508804321289}",у меня всего всюду тридцать шесть крейцеров.,"{'у': 0.0, 'меня': 5.621569633483887, 'всего': 6.617550849914551, 'всюду': 14.643759727478027, 'тридцать': 7.327021598815918, 'шесть': 2.792904853820801, 'крейцеров.': 18.98899269104004}"
navzdory tomu,"{'navzdory': 26.161921501159668, 'tomu': 17.977334022521973}",navzdory tomu o ně mají zákazníci nebývalý zájem.,"{'navzdory': 26.161921501159668, 'tomu': 17.97733783721924, 'o': 5.13706111907959, 'ne': 9.131688117980957, 'maji': 12.942721366882324, 'zakaznici': 19.09391498565674, 'nebyvaly': 22.422892570495605, 'zajem.': 17.78758716583252}",несмотря на,"{'несмотря': 9.555662155151367, 'на': 0.07728004455566406}","несмотря на это, она столкнулась с ажиотажным спросом на свою продукцию.","{'несмотря': 9.555662155151367, 'на': 0.7875156402587891, 'это,': 3.6617841720581055, 'она': 3.7696609497070312, 'столкнулась': 10.057692527770996, 'с': 0.23888206481933594, 'ажиотажным': 12.52714729309082, 'спросом': 0.15453720092773438, 'свою': 4.889639854431152, 'продукцию.': 1.512105941772461}",вздор тому,"{'вздор': 7.72197151184082, 'тому': 9.774502754211426}","вздор тому это, она столкнулась с ажиотажным спросом на свою продукцию.","{'вздор': 7.721972465515137, 'тому': 9.774502754211426, 'это,': 11.872512817382812, 'она': 6.805469512939453, 'столкнулась': 11.348037719726562, 'с': 0.3033332824707031, 'ажиотажным': 13.756912231445312, 'спросом': 0.2092456817626953, 'на': 0.7717885971069336, 'свою': 5.458367347717285, 'продукцию.': 1.9842166900634766}"
na konec,"{'na': 0.0, 'konec': 16.46510410308838}",vagony metroplus jsou vždy zařazeny na konec vlaku směrem ke kapskému městu.,"{'vagony': 16.573464393615723, 'metroplus': 22.63297748565674, 'jsou': 18.06629753112793, 'vzdy': 21.028291702270508, 'zarazeny': 22.196426391601562, 'na': 5.64213752746582, 'konec': 8.508979797363281, 'vlaku': 16.043827056884766, 'smerem': 16.757768630981445, 'ke': 9.857919692993164, 'kapskemu': 26.23040008544922, 'mestu.': 14.660270690917969}",в конце,"{'в': 0.0, 'конце': 7.395144462585449}","вагоны первого вида всегда находятся в конце поезда, ближайшем к кейптауну.","{'вагоны': 6.691053867340088, 'первого': 7.593753337860107, 'вида': 8.439860343933105, 'всегда': 7.2446441650390625, 'находятся': 5.1905670166015625, 'в': 0.5527172088623047, 'конце': 5.881461143493652, 'поезда,': 4.890079498291016, 'ближайшем': 14.13186264038086, 'к': 0.25782203674316406, 'кейптауну.': 25.470276832580566}",на конец,"{'на': 0.0, 'конец': 9.941631317138672}","вагоны первого вида всегда находятся на конец поезда, ближайшем к кейптауну.","{'вагоны': 6.691053867340088, 'первого': 7.593753337860107, 'вида': 8.439860343933105, 'всегда': 7.2446441650390625, 'находятся': 5.1905670166015625, 'на': 1.7337379455566406, 'конец': 10.950798034667969, 'поезда,': 4.976051330566406, 'ближайшем': 14.8720121383667, 'к': 0.28110694885253906, 'кейптауну.': 25.145697593688965}"
v blízkosti,"{'v': 0.0, 'blizkosti': 26.957094192504883}",útulný apartmán v blízkosti mumlavských vodopádů.,"{'utulny': 14.090645790100098, 'apartman': 20.473543167114258, 'v': 5.752979278564453, 'blizkosti': 22.04330348968506, 'mumlavskych': 35.54717826843262, 'vodopadu.': 21.56633472442627}",рядом с,"{'рядом': 4.202017784118652, 'с': 0.9933109283447266}",уютная квартира рядом с водопада мумлав.,"{'уютная': 9.04796314239502, 'квартира': 7.241662979125977, 'рядом': 7.129589557647705, 'с': 0.20613670349121094, 'водопада': 16.779752731323242, 'мумлав.': 31.9022274017334}",в близости,"{'в': 0.0, 'близости': 10.121551513671875}",уютная квартира в близости водопада мумлав.,"{'уютная': 9.04796314239502, 'квартира': 7.241662979125977, 'в': 1.9536447525024414, 'близости': 10.40743350982666, 'водопада': 11.848487854003906, 'мумлав.': 33.94241523742676}"
až po,"{'az': 0.0, 'po': 12.183774948120117}",já jsem byla opět v jiném stavu a skoro celé těhotenství až po porod nejmladší dcerky jsem prožila ve strachu.,"{'ja': 0.0, 'jsem': 6.409234046936035, 'byla': 10.584392547607422, 'opet': 12.410689353942871, 'v': 6.037367820739746, 'jinem': 15.63275146484375, 'stavu': 13.868062973022461, 'a': 5.090909004211426, 'skoro': 11.716748237609863, 'cele': 9.15367317199707, 'tehotenstvi': 35.30910873413086, 'az': 8.81374454498291, 'po': 7.3511247634887695, 'porod': 13.32264518737793, 'nejmladsi': 32.61680603027344, 'dcerky': 22.16033172607422, 'prozila': 15.244635581970215, 've': 7.864998817443848, 'strachu.': 18.444249153137207}",вплоть до,"{'вплоть': 8.136696815490723, 'до': 0.029829025268554688}",я опять забеременела и всю беременность вплоть до рождения младшей дочери прожила в страхе.,"{'я': 0.0, 'опять': 8.943367004394531, 'забеременела': 8.595075607299805, 'и': 2.648958206176758, 'всю': 7.754290580749512, 'беременность': 0.8624534606933594, 'вплоть': 9.251874923706055, 'до': 0.03845787048339844, 'рождения': 2.011148452758789, 'младшей': 8.146112442016602, 'дочери': 0.7043552398681641, 'прожила': 4.537728309631348, 'в': 1.3041439056396484, 'страхе.': 5.329707145690918}",аж по,"{'аж': 6.510209083557129, 'по': 5.066317558288574}",я опять забеременела и всю беременность аж по рождения младшей дочери прожила в страхе.,"{'я': 0.0, 'опять': 8.943367004394531, 'забеременела': 8.595075607299805, 'и': 2.648958206176758, 'всю': 7.754290580749512, 'беременность': 0.8624534606933594, 'аж': 10.821152687072754, 'по': 4.55094051361084, 'рождения': 14.298288345336914, 'младшей': 11.026632308959961, 'дочери': 1.5103464126586914, 'прожила': 6.385199546813965, 'в': 1.767293930053711, 'страхе.': 5.485501289367676}"
ve formě,"{'ve': 0.0, 'forme': 15.642862319946289}","má právo zničit všechny překážky ve formě institucí a tradic, jež omezují lidskou svobodu výběru.","{'ma': 0.0, 'pravo': 17.413613319396973, 'znicit': 21.354615211486816, 'vsechny': 24.546195030212402, 'prekazky': 22.233980178833008, 've': 8.176684379577637, 'forme': 14.257635116577148, 'instituci': 13.526384353637695, 'a': 5.796828269958496, 'tradic,': 15.868674278259277, 'jez': 9.818283081054688, 'omezuji': 32.17321300506592, 'lidskou': 20.406941413879395, 'svobodu': 11.579691886901855, 'vyberu.': 20.545903205871582}",в виде,"{'в': 0.0, 'виде': 8.552051544189453}","у него есть право смести все преграды в виде институтов и традиций, которые ограничивают свободу выбора людей.","{'у': 0.0, 'него': 7.207874774932861, 'есть': 3.28951358795166, 'право': 5.460476875305176, 'смести': 12.24586296081543, 'все': 1.9164094924926758, 'преграды': 4.7459869384765625, 'в': 4.048851013183594, 'виде': 3.0721511840820312, 'институтов': 7.924274921417236, 'и': 1.632833480834961, 'традиций,': 5.610043525695801, 'которые': 2.091226577758789, 'ограничивают': 5.73649787902832, 'свободу': 2.097137451171875, 'выбора': 3.701597213745117, 'людей.': 5.527392387390137}",в форме,"{'в': 0.0, 'форме': 8.504361152648926}","у него есть право смести все преграды в форме институтов и традиций, которые ограничивают свободу выбора людей.","{'у': 0.0, 'него': 7.207874774932861, 'есть': 3.28951358795166, 'право': 5.460476875305176, 'смести': 12.24586296081543, 'все': 1.9164094924926758, 'преграды': 4.7459869384765625, 'в': 4.048851013183594, 'форме': 7.400287628173828, 'институтов': 8.01205825805664, 'и': 1.5392723083496094, 'традиций,': 5.798707008361816, 'которые': 1.97698974609375, 'ограничивают': 5.516840934753418, 'свободу': 2.1840925216674805, 'выбора': 3.982830047607422, 'людей.': 5.383642196655273}"
za účelem,"{'za': 0.0, 'ucelem': 24.35855007171631}",to vše za účelem násilného uchopení moci.,"{'to': 0.0, 'vse': 11.858595848083496, 'za': 6.202326774597168, 'ucelem': 21.00640296936035, 'nasilneho': 23.45418071746826, 'uchopeni': 20.870442390441895, 'moci.': 18.79912757873535}",с целью,"{'с': 0.0, 'целью': 9.312464714050293}",и все — с целью насильственного захвата власти.,"{'и': 0.0, 'все': 6.378076553344727, '—': 7.339448928833008, 'с': 4.4475860595703125, 'целью': 6.392945289611816, 'насильственного': 9.525947570800781, 'захвата': 1.6220741271972656, 'власти.': 1.5784988403320312}",за целью,"{'за': 0.0, 'целью': 9.636045455932617}",и все — за целью насильственного захвата власти.,"{'и': 0.0, 'все': 6.378076553344727, '—': 7.339448928833008, 'за': 4.709935188293457, 'целью': 12.002235412597656, 'насильственного': 10.879888534545898, 'захвата': 1.3781299591064453, 'власти.': 1.6123132705688477}"
na účet,"{'na': 0.0, 'ucet': 19.705068588256836}","najednou v jeho nebohé hlavě cvakla nějaká záklopka, načež se jal vyzývavě vtipkovat na účet tělesných a duševních vlastností dívky.","{'najednou': 27.832207679748535, 'v': 6.328731536865234, 'jeho': 11.688899993896484, 'nebohe': 17.79288959503174, 'hlave': 16.11760425567627, 'cvakla': 22.92936611175537, 'nejaka': 17.549724578857422, 'zaklopka,': 23.141794204711914, 'nacez': 18.05514907836914, 'se': 7.697144508361816, 'jal': 10.208401679992676, 'vyzyvave': 26.627713203430176, 'vtipkovat': 33.95840930938721, 'na': 6.364532470703125, 'ucet': 15.11038589477539, 'telesnych': 18.321516036987305, 'a': 4.943609237670898, 'dusevnich': 25.503378868103027, 'vlastnosti': 15.449609756469727, 'divky.': 18.581904411315918}",по поводу,"{'по': 0.0, 'поводу': 5.829870223999023}","вдруг в его бедовой голове щелкнул какой-то клапан, и он начал вызывающе острить по поводу физических и душевных качеств своей гостьи.","{'вдруг': 9.886743545532227, 'в': 3.6192636489868164, 'его': 4.257525444030762, 'бедовой': 11.255657196044922, 'голове': 0.45759010314941406, 'щелкнул': 6.230813026428223, 'какой-то': 1.7466888427734375, 'клапан,': 6.785943984985352, 'и': 2.851869583129883, 'он': 1.1151304244995117, 'начал': 4.214503288269043, 'вызывающе': 11.493698120117188, 'острить': 8.576299667358398, 'по': 3.2068614959716797, 'поводу': 0.6695594787597656, 'физических': 10.60958194732666, 'душевных': 2.893221855163574, 'качеств': 1.4673194885253906, 'своей': 4.171204566955566, 'гостьи.': 6.530234336853027}",на учет,"{'на': 0.0, 'учет': 9.851239204406738}","вдруг в его бедовой голове щелкнул какой-то клапан, и он начал вызывающе острить на учет физических и душевных качеств своей гостьи.","{'вдруг': 9.886743545532227, 'в': 3.6192636489868164, 'его': 4.257525444030762, 'бедовой': 11.255657196044922, 'голове': 0.45759010314941406, 'щелкнул': 6.230813026428223, 'какой-то': 1.7466888427734375, 'клапан,': 6.785943984985352, 'и': 3.1802988052368164, 'он': 1.1151304244995117, 'начал': 4.214503288269043, 'вызывающе': 11.493698120117188, 'острить': 8.576299667358398, 'на': 4.286872863769531, 'учет': 14.428812980651855, 'физических': 14.025571823120117, 'душевных': 3.766878128051758, 'качеств': 1.7499008178710938, 'своей': 5.194100379943848, 'гостьи.': 7.157033920288086}"
v platnost,"{'v': 0.0, 'platnost': 27.605369567871094}","podepsala se roku 1992, ale v platnost vešla v roce 2002.","{'podepsala': 22.363780975341797, 'se': 7.987436294555664, 'roku': 15.733115196228027, '1992,': 14.178128242492676, 'ale': 5.817060470581055, 'v': 3.886195182800293, 'platnost': 18.834359169006348, 'vesla': 17.383522033691406, 'roce': 14.081130981445312, '2002.': 9.392033576965332}",в силу,"{'в': 0.0, 'силу': 8.00175952911377}","его подписали в 1992 году, но в силу он вступил в 2002.","{'его': 0.0, 'подписали': 11.547974586486816, 'в': 2.5408573150634766, '1992': 6.0398101806640625, 'году,': 1.5292959213256836, 'но': 2.215682029724121, 'силу': 3.1672754287719727, 'он': 5.1952972412109375, 'вступил': 1.403097152709961, '2002.': 6.538909912109375}",в платном,"{'в': 0.0, 'платном': 12.8834867477417}","его подписали в 1992 году, но в платном он вступил в 2002.","{'его': 0.0, 'подписали': 11.547974586486816, 'в': 1.940110206604004, '1992': 6.0398101806640625, 'году,': 1.5292959213256836, 'но': 2.215682029724121, 'платном': 13.097416877746582, 'он': 5.007096290588379, 'вступил': 7.670664310455322, '2002.': 6.498125076293945}"
nedaleko,{'nedaleko': 18.9992733001709},"nejdřív ty nové drželi v karanténě v prvním patře, pak je přepravili do cel nedaleko mé místnosti.","{'nejdriv': 19.68686294555664, 'ty': 11.296001434326172, 'nove': 14.601404190063477, 'drzeli': 20.42296314239502, 'v': 4.896951675415039, 'karantene': 22.293087005615234, 'prvnim': 18.482365608215332, 'patre,': 15.493964195251465, 'pak': 8.102509498596191, 'je': 6.295562744140625, 'prepravili': 19.754605293273926, 'do': 4.554619789123535, 'cel': 6.721128463745117, 'nedaleko': 24.342266082763672, 'me': 9.608004570007324, 'mistnosti.': 26.29358673095703}",недалеко от,"{'недалеко': 7.026474952697754, 'от': 0.30319881439208984}","их подержали сначала в карантине, на другом этаже, а потом отправили в камеры недалеко от моих владений.","{'их': 0.0, 'подержали': 17.15268898010254, 'сначала': 7.275814533233643, 'в': 1.1320362091064453, 'карантине,': 5.5034637451171875, 'на': 5.835329055786133, 'другом': 6.958160400390625, 'этаже,': 3.7587833404541016, 'а': 1.3037357330322266, 'потом': 0.38596343994140625, 'отправили': 2.8739118576049805, 'камеры': 7.591823577880859, 'недалеко': 8.412399291992188, 'от': 0.09505271911621094, 'моих': 6.351491928100586, 'владений.': 6.885761260986328}",не вдалеке,"{'не': 0.0, 'вдалеке': 13.465700149536133}","их подержали сначала в карантине, на другом этаже, а потом отправили в камеры не вдалеке моих владений.","{'их': 0.0, 'подержали': 17.15268898010254, 'сначала': 7.275814533233643, 'в': 1.1320362091064453, 'карантине,': 5.5034637451171875, 'на': 5.835329055786133, 'другом': 6.958160400390625, 'этаже,': 3.7587833404541016, 'а': 1.3037357330322266, 'потом': 0.38596343994140625, 'отправили': 2.8739118576049805, 'камеры': 7.591823577880859, 'не': 7.136050224304199, 'вдалеке': 9.41530704498291, 'моих': 13.398483276367188, 'владений.': 5.090019226074219}"
na útraty,"{'na': 0.0, 'utraty': 25.60494613647461}","na útraty vojenského eráru, to se rozumí.","{'na': 0.0, 'utraty': 25.604939460754395, 'vojenskeho': 22.333889961242676, 'eraru,': 22.60445499420166, 'to': 5.339272499084473, 'se': 5.7600860595703125, 'rozumi.': 17.99988555908203}",за счет,"{'за': 0.0, 'счет': 9.211057662963867}","разумеется, за счет воинской казны?","{'разумеется,': 4.692574501037598, 'за': 5.221098899841309, 'счет': 2.3842573165893555, 'воинской': 10.778646469116211, 'казны?': 12.38085651397705}",на траты,"{'на': 0.0, 'траты': 15.663908004760742}","разумеется, на траты воинской казны?","{'разумеется,': 4.692574501037598, 'на': 4.519705772399902, 'траты': 14.967191696166992, 'воинской': 11.659098625183105, 'казны?': 8.408958435058594}"
po skončení,"{'po': 0.0, 'skonceni': 27.76632308959961}","po skončení práce četla, co za den napsali, á viděla, jak se chmuří, pozorně naslouchaje.","{'po': 0.0, 'skonceni': 27.76632595062256, 'prace': 13.569911003112793, 'cetla,': 21.784098625183105, 'co': 6.279047012329102, 'za': 5.531606674194336, 'den': 8.257862091064453, 'napsali,': 19.490036964416504, 'a': 2.8891801834106445, 'videla,': 15.895225524902344, 'jak': 6.052738189697266, 'se': 4.622891426086426, 'chmuri,': 21.175369262695312, 'pozorne': 19.239901542663574, 'naslouchaje.': 31.372440338134766}",по окончании,"{'по': 0.0, 'окончании': 8.992029190063477}","по окончании работы она читала написанное за день и видела, как он хмурится, чутко вслушиваясь.","{'по': 0.0, 'окончании': 8.992029190063477, 'работы': 3.7331771850585938, 'она': 5.284036636352539, 'читала': 8.40727424621582, 'написанное': 5.739800453186035, 'за': 5.584039688110352, 'день': 4.728606224060059, 'и': 1.3374805450439453, 'видела,': 7.563126564025879, 'как': 2.1527652740478516, 'он': 3.4719743728637695, 'хмурится,': 7.494350433349609, 'чутко': 12.133167266845703, 'вслушиваясь.': 7.498313903808594}",после конца,"{'после': 0.0, 'конца': 6.678252220153809}","после конца работы она читала написанное за день и видела, как он хмурится, чутко вслушиваясь.","{'после': 0.0, 'конца': 6.678250789642334, 'работы': 5.512966156005859, 'она': 5.582254409790039, 'читала': 7.899657249450684, 'написанное': 6.249664306640625, 'за': 5.697347640991211, 'день': 5.113864898681641, 'и': 1.633758544921875, 'видела,': 7.50311279296875, 'как': 1.9548625946044922, 'он': 3.149197578430176, 'хмурится,': 7.57160758972168, 'чутко': 12.125630378723145, 'вслушиваясь.': 7.027548789978027}"
s ohledem na,"{'s': 0.0, 'ohledem': 29.86953353881836, 'na': 8.502937316894531}","pokud by však nesouhlasili, musejí připustit, že o dětech rozhodují rodiče, ale nikoli podle své libosti, nýbrž jedině a výhradně s ohledem na jejich zájem.","{'pokud': 13.140429496765137, 'by': 9.057926177978516, 'vsak': 18.29345989227295, 'nesouhlasili,': 44.877296447753906, 'museji': 19.806391716003418, 'pripustit,': 22.88461208343506, 'ze': 6.055764198303223, 'o': 4.103335380554199, 'detech': 16.91638946533203, 'rozhoduji': 25.964933395385742, 'rodice,': 17.536422729492188, 'ale': 5.731239318847656, 'nikoli': 12.224564552307129, 'podle': 10.467089653015137, 'sve': 8.865030288696289, 'libosti,': 22.080345153808594, 'nybrz': 18.554566383361816, 'jedine': 13.8389253616333, 'a': 4.818530082702637, 'vyhradne': 24.553074836730957, 's': 3.3844375610351562, 'ohledem': 23.518773078918457, 'na': 4.958762168884277, 'jejich': 14.543999671936035, 'zajem.': 14.476386070251465}",с учетом,"{'с': 0.0, 'учетом': 8.678165435791016}","но если эти люди не согласятся, то им придется допустить, что судьбу детей решают родители, но не самовольно, а исключительно и только с учетом интересов детей.","{'но': 3.443653106689453, 'если': 7.639108657836914, 'эти': 6.992654800415039, 'люди': 3.0420475006103516, 'не': 2.4908485412597656, 'согласятся,': 9.131041049957275, 'то': 0.743351936340332, 'им': 4.335097312927246, 'придется': 1.3823308944702148, 'допустить,': 12.417922973632812, 'что': 0.1605243682861328, 'судьбу': 10.9605712890625, 'детей': 6.3896684646606445, 'решают': 3.3981504440307617, 'родители,': 5.174814224243164, 'самовольно,': 13.6961030960083, 'а': 0.7981719970703125, 'исключительно': 4.707859039306641, 'и': 6.096742630004883, 'только': 0.6283721923828125, 'с': 1.9823322296142578, 'учетом': 5.313769340515137, 'интересов': 2.189093589782715, 'детей.': 2.295145034790039}",с оглядкой на,"{'с': 0.0, 'оглядкой': 10.945552825927734, 'на': 0.960301399230957}","но если эти люди не согласятся, то им придется допустить, что судьбу детей решают родители, но не самовольно, а исключительно и только с оглядкой на интересов детей.","{'но': 3.443653106689453, 'если': 7.639108657836914, 'эти': 6.992654800415039, 'люди': 3.0420475006103516, 'не': 2.4908485412597656, 'согласятся,': 9.131041049957275, 'то': 0.743351936340332, 'им': 4.335097312927246, 'придется': 1.3823308944702148, 'допустить,': 12.417922973632812, 'что': 0.1605243682861328, 'судьбу': 10.9605712890625, 'детей': 6.3896684646606445, 'решают': 3.3981504440307617, 'родители,': 5.174814224243164, 'самовольно,': 13.6961030960083, 'а': 0.7981719970703125, 'исключительно': 4.707859039306641, 'и': 6.096742630004883, 'только': 0.6283721923828125, 'с': 1.9823322296142578, 'оглядкой': 8.950380325317383, 'на': 0.11311531066894531, 'интересов': 10.593347549438477, 'детей.': 3.788763999938965}"
